:020000041000EA
:1000000000B5324B212058609868022188439860DF
:10001000D860186158612E4B002199600421596104
:100020000121F02299502B49196001219960352056
:1000300000F044F80222904214D00621196600F024
:1000400034F8196E01211966002018661A6600F04E
:100050002CF8196E196E196E052000F02FF8012189
:100060000842F9D1002199601B49196000215960AB
:100070001A491B48016001219960EB211966A021F2
:10008000196600F012F800219960164914480160C1
:100090000121996001BC002800D000471248134993
:1000A000086003C880F30888084703B5996A0420EC
:1000B0000142FBD001200142F8D103BD02B5186610
:1000C0001866FFF7F2FF186E186E02BD00000240BE
:1000D000000000180000070000035F00212200005C
:1000E000F4000018222000A00001001008ED00E03C
:1000F000000000000000000000000000070B8FD58A
:1001000000040420C5020010217D0010C702001069
:10011000C7020010C7020010C7020010C70200107B
:10012000C7020010C7020010C7020010C70200106B
:10013000C7020010C7020010C7020010C70200105B
:1001400085950010A9950010CD950010F59500102B
:10015000C70200101D960010C702001001AC00106D
:10016000C7020010C7020010C70200101D95001042
:1001700051950010C7020010C7020010817D0010C9
:10018000A17D0010C7020010C7020010C7020010B6
:10019000C7020010C7020010C7020010C7020010FB
:1001A000C7020010C7020010C7020010C7020010EB
:1001B000C7020010C7020010C7020010C7020010DB
:1001C00072B62C4880F308882B4880F309880220F7
:1001D00080F31488BFF36F8F28482949086004F022
:1001E000CBFB05F087F927482749224A914202DADA
:1001F00008600431FAE725491F4A914202DA086093
:100200000431FAE72249234A234B14469A4204DA7E
:100210000868106004310432F8E719490C601F497E
:100220001F4A204B9A4204DA0868106004310432F5
:10023000F8E700201C491D4A914202DA08600431A7
:10024000FAE705F059F905F03DF9194C194DAC42A2
:1002500003DA216888470434F9E707F0FDFD164CFE
:10026000164DAC4203DA216888470434F9E7144993
:100270000847000000040420000C042000010010C6
:1002800008ED00E0555555550000042000040420F9
:100290000001001000010010C0010010C0BE0010DD
:1002A00000000020700C0020700C0020583300204B
:1002B000C0010010C0010010C0010010C0010010FA
:1002C000F75400107CE700F000F8FEE7F0B5444674
:1002D0004D4656465F46F0B46B46CB60C3689D46BC
:1002E000F0BCA046A946B246BB46F0BD07F076FD7D
:1002F00062B6281CA047002007F0B4FAFEE705F01C
:1003000037F9024A024B1360FEE7C04604ED00E0F5
:10031000000000807047C0469E2110B5C905041C2E
:1003200000F094FC002803D1201C00F0FDFB10BD60
:100330009E21201CC90500F065FA00F0F5FB802322
:100340001B069C466044F2E7F0B54F464646D6464B
:100350004402C0B547000E1C640A3F0EC50F002FB3
:100360003CD0FF2F42D00023802299469A46E400D9
:10037000D20414437F3F73025B0A984673001B0E3E
:10038000F60F002B1BD0FF2B13D042468021D2004A
:10039000C9041143884600207F3B2900FF1A4B46C1
:1003A0007140C9B20F2B00D9B5E0744A9B00D358F5
:1003B0009F464346002B3FD1FF3F023303E04346B5
:1003C000002B2DD1012329004A467140C9B21A439E
:1003D0000E2A38D86A48920082589746002C13D1CA
:1003E00004239946033B00279A46C4E7002C05D115
:1003F00008239946063BFF279A46BCE70C239946FB
:10040000093BFF279A46B6E7200000F029FC762733
:10041000431F9C4000237F4299469A463F1AAAE711
:10042000404600F01DFC4246431F9A4076235B4243
:100430001B1A90460020B0E703234A461A43914610
:100440000320FC33A9E70D00FF200022C005ED07C3
:1004500010432843E0BCBA46B146A846F0BD0D00A3
:1004600000200022F2E75346022BEDD0032B33D0BD
:10047000A046012B05D100200022E7E73500032824
:100480007AD03B007F33002B2DDD4246520707D048
:100490000F2241460A40042A02D004229446E04436
:1004A0004246120105D54246364B1A403B00904663
:1004B0008033FE2BC8DC42469201520AD8B2C5E70F
:1004C00080220025FF20D203C0E78022D2031442FD
:1004D00002D04346134249D08022D2032243520223
:1004E000FF20520AB2E70122D31A1B2BC3DC42467B
:1004F000DA4043469E37BB40591E8B411A4353078F
:1005000004D00F231340042B00D00432530129D50B
:10051000012000229AE7424663015501AB4215D201
:100520001B200022013F01261C0052005B00002C12
:1005300001DB9D4201D85B1B324301380028F3D117
:10054000581E8341134398460D009AE71A20012252
:100550005B1BE8E7023B5A4253415B4235000022F5
:10056000D8B273E792010020520A6FE71A43520291
:100570003500FF20520A69E74446ADE798B1001004
:10058000D8B10010FFFFFFF7F0B54F464646D646FC
:1005900043025B0A99464300C0B51B0E0E1CC50FF3
:1005A000002B00D185E0FF2B00D18BE04A46802153
:1005B000D200C90411437F2252429046984400233E
:1005C000894600279A4674027300640A1B0EF60FD0
:1005D000002B64D0FF2B1FD080227F3BE400D2048D
:1005E000434400201443591C0A2F2BDC7540022F72
:1005F00022DC013F012F00D9BBE002286BD001288B
:100600002AD100200022C005ED0710432843E0BC9A
:10061000BA46B146A846F0BD002C64D0032241463C
:10062000434617432A000131FF337240FF310A2F3E
:1006300000DDD7E0150003200122BA40A627FF0005
:100640003A4220D05346022B45D0032B00D1BBE0C9
:1006500050464C460128D4D00B007F33002B70DD70
:10066000620704D00F222240042A00D00434220161
:1006700003D5634B1C400B008033FE2B2BDCA20107
:10068000520AD8B2BFE79027BF003A4226D1B93FFD
:10069000FF3F17426DD03500A1468246D2E7002CBD
:1006A00041D101231F4343460120591C0A2F9DDDE0
:1006B000C8E74B46002B27D1002398460133042777
:1006C0009A4680E74B46002B18D1FF239846FD3B06
:1006D00008279A4677E7FF20002294E7802200252A
:1006E000FF20D2038FE702231F434346591CFF31EB
:1006F0000A2FA7DC0220FF33754078E7FF239846D6
:10070000FC3B0C279A465EE7484600F0A9FA4A46A9
:10071000431F9A4076235B421B1A9846002391465A
:1007200000279A464FE7200000F09AFA431F9C40AA
:1007300043461B1A763B0020591C0A2F00DC55E764
:1007400080E70122D31A1B2B00DD5AE79E312200DD
:100750008C40DA40631E9C412243530704D00F2390
:100760001340042B00D00432530137D5012000225E
:1007700049E7200C4A462404240C2700160C1204D6
:10078000120C74435743464350433A0C0019121855
:10079000944203D980204002844666443F041004FA
:1007A0003F0CC0198401671EBC41120C800E9219C7
:1007B00004439201144312010ED5012362081C4028
:1007C000144349E73500A14680224B46D2031A4321
:1007D0005202FF20520A16E719003DE7920100205D
:1007E000520A10E70F2FEDD180224B46D20313425D
:1007F000EAD01442E8D13500FF20224303E7C04687
:10080000FFFFFFF7F8B543024500C40F4802420A54
:1008100094464A005E0A2D0E9B09120EC90F8009EC
:10082000FF2A23D001277940AF1A8C420FD0002F26
:1008300000DC5DE1002A2FD1002800D190E07A1E73
:10084000012F00D11AE1FF2F1CD0170029E0002F43
:1008500000DC59E1002A52D0FF2D13D08022D204AF
:1008600010431B2F00DC6AE001332BE000283BD053
:100870008C424DD0FF2D00D18FE0002D00D1ABE098
:100880000C000300DB08002B67D08022D203134347
:100890005B02FF205B0A22E0FF2DF3D08022D2040E
:1008A000104301221B2F07DC2021C91B02008840B6
:1008B000FA40411E884102439B1A5A0156D407222E
:1008C0001A404ED00F221A40042A00D004335A0195
:1008D00047D5681CFE2D40D09B015B0AC0B2C00505
:1008E0001843E4072043F8BD012779408C42C1D169
:1008F000FF2D10D0002D00D1E7E00023C2E7002833
:100900002ED07A1E012F7FD0FF2FBBD01700A8E773
:10091000FF2D00D083E0FE276A1C174200D08DE037
:10092000002D00D0ADE0002B00D1D2E0002800D097
:10093000D1E00025DB085B025B0AE8B2CFE72021AB
:10094000C91B02008840FA40411E884110431B1811
:100950005A01B4D50135FF2D5AD1FF200023BEE73F
:100960003D00DB08FF2D00D18DE7E4E79E01B609CD
:10097000300000F075F90538864085421FDC2022E2
:10098000401B0130121A33009640C340721E96413C
:10099000002533435A0795D199E7FE276A1C174271
:1009A00011D1002D5AD1002B00D189E00028C0D0F0
:1009B0001A1A560100D496E00C00C31AEAE7584B05
:1009C0002D1A3340E6E71E1A720144D4002ECFD10F
:1009D00000240020002382E7FF25002B38D06E1E64
:1009E000012D6AD0FF2D00D14AE701241B2E07DC20
:1009F0002025AD1B1C00AB40F4405D1EAB411C43E9
:100A0000031B15000C0058E71B1802255A0133D5AB
:100A1000012244491A405B080B401343BAE7002DFA
:100A200031D1FF35002B52D0691E012D20D0FF2D72
:100A300029D01B2936DD1500431C43E7FF2A8CD043
:100A40001B185B0815005A0700D03BE7DB0872E76C
:100A50000C00030085E70C00C61A89E7002B14D1AF
:100A6000002800D00CE780230024FF20DB0336E7BA
:100A70001B1801355A01CBD4013D20E701251B1A73
:100A80001BE7002B01D10300FCE6002800D1F9E6AA
:100A90008022D203964203D3944501D20C00030076
:100AA000DB08F2E61D002026CD40711A8B40591E4E
:100AB0008B412B431B1815004AE70C00C31AFCE6B8
:100AC000002885D00C00030033E7FF25AAE70300C8
:100AD00047E703002DE71B185A01B7D5104A013527
:100AE0001340DB0827E7131E00D171E7DB0822E77C
:100AF000002F00D151E7561B002D01D135006CE7C6
:100B00008024E404234370E7002F00D103E7511B46
:100B1000002D01D10D0085E78025ED042B4388E7EA
:100B2000FFFFFFFBFFFFFF7D41024200C30F490AA9
:100B30000020120E7E2A03DD9D2A02DD094A981844
:100B40007047802000040143952A07DC9620821A12
:100B5000D1404842002BF3D10800F1E7963A91408A
:100B6000F7E7C046FFFFFF7F70B5041E0ED000F010
:100B700077F89E2301001B1A962B0CDC08282FD037
:100B800008398C406402640AD8B201E000200024D5
:100B9000C005204370BD992B16DC421F052800D0EC
:100BA0009440220010480240650709D00F252C40D0
:100BB000042C05D00432540102D59F2302405B1A55
:100BC0009201540AD8B2E3E7020020001B329040A1
:100BD0000200501E82410520401AC4401443E0E741
:100BE00064029620640AD3E7FFFFFFFB84460800F7
:100BF0006146FFE71FB500F0C9F8002801D40021C5
:100C0000C8421FBD10B500F049F84042013010BD88
:100C100010B500F0BBF8002801DB002010BD01205A
:100C200010BDC04610B500F0B1F8002801DD00206D
:100C300010BD012010BDC04610B500F057F80028C7
:100C400001DC002010BD012010BDC04610B500F031
:100C50004DF8002801DA002010BD012010BDC0466B
:100C60001C2101231B04984201D3000C10391B0ADC
:100C7000984201D3000A08391B09984201D30009A0
:100C8000043902A2105C40187047C04604030202F7
:100C900001010101000000000000000070B54200E9
:100CA0004E024C0045026D0A120EC30F760A240E46
:100CB000C90FFF2A10D0FF2C0CD00120A2420AD16C
:100CC000B54208D18B420FD0002A04D12800431E20
:100CD000984100E0012070BD0120FF2CFBD135437D
:100CE000F9D14B401800F6E70020F4E730B5420098
:100CF00044024D02C30F4800640A120E6D0A000E32
:100D0000C90FFF2A19D0FF280BD0002A1ED10028B6
:100D10000BD1002D27D0002C34D100292FD0080072
:100D200030BD002D28D1002A01D1002CF5D08B42F6
:100D300007D1002B23D01800F2E7002C1CD1FF288C
:100D400014D0581E022318400138E9E70028F8D0D3
:100D50008B42F6D18242F4DCEBDBAC42F1D80020CE
:100D6000AC42DDD2E5E7002CDAD0EAE7002D03D172
:100D70008B42E6D10020D3E702204042D0E7012099
:100D80004042CDE78B42E8D0DBE7C04630B54200B9
:100D900044024D02C30F4800640A120E6D0A000E91
:100DA000C90FFF2A1AD0FF280ED0002A1ED1002812
:100DB0000ED1002D2AD0002C0CD08B421DD0581EF5
:100DC00002231840013810E0002D0DD1002A20D157
:100DD000002C1ED1002923D0080006E0002C03D1EE
:100DE000FF28ECD1002D17D0022030BD0028E6D01E
:100DF0008B42E4D18242E2DC04DBAC42DFD800204B
:100E0000AC42F2D2002B0BD01800EEE7002CECD055
:100E1000D5E78B42D3D1F5E700208B42E5D0CEE772
:100E200001204042E1E7C04602B47146490849004A
:100E3000095649008E4402BC7047C04602B4714650
:100E400049084900095C49008E4402BC7047C0460D
:100E500003B47146490840004900095E49008E44C8
:100E600003BC704703B47146490840004900095A61
:100E700049008E4403BC7047414208401C210123B5
:100E80001B04984201D3000C10391B0A984201D36D
:100E9000000A08391B09984201D30009043902A24B
:100EA000105C401A7047C0461B1C1D1D1E1E1E1ED6
:100EB0001F1F1F1F1F1F1F1FF0B505000F2A33D94B
:100EC0000324030026000B431E401C4237D11500AB
:100ED000103D2D0903000C00AC462F013F1865683A
:100EE0005D60A5689D60E568DD60256810341D6063
:100EF0001D001033BD42F2D165460F230C2401358D
:100F00002D0149191340451914421AD08C59AC517E
:100F100004369C1B032CF9D8043B9B0801339B002F
:100F2000ED18C91803231A40561E002A06D00023C4
:100F3000CC5C1A00EC5401339642F9D1F0BD561E38
:100F4000F5E71A00F0E7C046114B70B51C680500C4
:100F5000A36B002B03D000221D615A6170BD1820C5
:100F600000F0AAF8031EA0630CD00A4A0021026018
:100F7000094A4260094A82600B228281012018617D
:100F80005961E8E700224221054B064800F050F87D
:100F9000100700200E33CDAB34126DE6ECDE0500F9
:100FA000F8BD001010BE0010184B70B51D68AC6B7A
:100FB000002C0ED020696169154A164B0AF014F80E
:100FC0000122002312184B4158004008226163613E
:100FD00070BD182000F070F8041EA8630FD00E4BEF
:100FE000012203600D4B43600D4B83600B23838113
:100FF00000230261436107480A4A064BE6E70022E4
:101000004E21094B094800F013F8C0461007002094
:101010002D7F954C2DF451580E33CDAB34126DE627
:10102000ECDE05002E7F954CF8BD001010BE0010C0
:1010300070B514001A000A4B06001B6884B0D8680B
:10104000002C0AD0074B084D019300913300290072
:10105000029400F01FF800F093FD044B1C00F2E72F
:101060001007002044BE001054BE001050BE0010F7
:10107000130010B50022FFF7DBFFC0460CB400B52B
:1010800083B004AB04CB019300F022F903B008BC99
:1010900002B018470EB400B582B003AB010005489A
:1010A00004CB0068019300F013F902B008BC03B050
:1010B0001847C0461007002010B5034B0100186800
:1010C00000F06AF810BDC0461007002010B5034BB1
:1010D0000100186800F004F810BDC0461007002099
:1010E00070B50500002915D00C1F2368002B23DBE9
:1010F000280001F099FA274A1368002B05D0A34273
:101100000BD92168601883422CD0280063601460DA
:1011100001F08CFA70BDA34210D81A005B68002B56
:10112000F9D1106811188C4218D02CD36360546028
:10113000280001F07BFAEDE7E418D9E711685018B0
:10114000A04214D01FD8216860188342EED11868DD
:101150005B684118216063605460E9E723681B18ED
:101160001360E5E718685B6841182160CDE72068E7
:101170000918501811608342DAD118685B68411869
:1011800011605360D4E70C2328002B6001F04EFA65
:10119000C0E7C046700C0020F8B50323CD1C9D436A
:1011A000083506000C2D1AD20C25A94219D830009A
:1011B00001F03AFA284F3A68002A16D0140004E0E9
:1011C00063682200002B10D01C0023685B1BF7D43F
:1011D0000B2B2DD8636894423BD053601AE0002D4E
:1011E000E3DA0C230020336021E07B68002B2AD057
:1011F0002900300008F074FB431C1DD00323C41CDD
:101200009C43A04205D0211A300008F069FB013050
:1012100012D02560300001F009FA200007220B30BF
:10122000231D9043C21A984201D01B1AA350F8BD47
:101230002360E4182560EDE70C233000336001F0F3
:10124000F5F90020F3E70021300008F049FB786051
:10125000CEE73B60DEE7C046700C0020936810B517
:10126000013B9360002B04DA9469A34207DB0A294F
:1012700005D01368581C10600800197010BD00F0EC
:1012800089FBFBE7F8B506000F00002B0DD014001A
:10129000D51802E00134AC4207D03A003000217882
:1012A000FFF7DCFF431CF5D1F8BD0020FCE7C0468A
:1012B00010B5140092680023002A05D0220000F027
:1012C0008DFE00220300A26000221800626010BDA3
:1012D000F0B5454657464E46DE46E0B5814688465F
:1012E00017001D009FB0002803D08369002B00D198
:1012F000A2E0A44B984500D1A4E0A34B984500D1AF
:10130000B2E0A24B984500D138E143469B891B07C8
:1013100000D49FE043461B69002B00D19AE00023D4
:1013200006AC6361203363761033A376534605958C
:10133000974D03933B78002B00D1B3E03E0004E0CF
:1013400073780136002B00D192E0252BF8D1F31BE6
:101350009A46BE4200D08FE03378002B00D1A1E046
:10136000012300225B420692079300220023089289
:1013700009930023433201270136A354A36506E0F5
:101380003B00401B83402268013613432360052243
:101390002800317801F062F80028F1D12368DA06DC
:1013A00002D543222021A1541A0702D543222B2122
:1013B000A15431782A2900D080E0059A111D1268C5
:1013C0000591002A00DAB0E0E2607178731C9B4658
:1013D0002E2900D187E06F4E0322300001F03EF845
:1013E000002808D04023801B8340226813432360D9
:1013F00001239C46E3445B461978062266485F1C3D
:10140000217601F02BF8002800D194E0634B002BEB
:1014100000D17BE005AA0092210042464846604B7D
:1014200000E000BF0390039B01333BD0039A636944
:101430009446634463617DE700F0A8FD514B9845F5
:1014400000D05AE74B465B68984643469B891B078A
:1014500000D55FE74146484600F012FB002800D166
:101460005DE70120404222E04B469B6898464CE7EE
:10147000F31B9A46BE4215D000239B462B004D46D7
:10148000B1464646B8465F469B4602E00137BA453C
:1014900043D9434632002800D95DFFF7DFFE013013
:1014A000F4D1B04643469B895B06DAD460691FB02D
:1014B000F0BCBB46B246A946A046F0BD0800303895
:1014C00009280CD8E3681A0093009B1871785B0018
:1014D0001A180800303801360928F5D9E260B346F9
:1014E0002E2900D077E75B4659782A292DD1981C00
:1014F000059B1A1D1B6805926360002B02DA01230D
:101500005B4263605B468346997864E70722059BEC
:10151000073393430833059388E76269B046524422
:101520004E466261A9465D4616E75242E2600222DB
:101530001343236049E705AA00922100424648462A
:10154000174B00F0DFF803906DE7012308009C467D
:1015500000233038E3446360092800D93BE71A00D0
:101560005E4693009B1871785B001A1808003038AB
:1015700001360928F5D9B34662602CE74B46DB6893
:101580009846C2E6E0B30010C0B30010A0B300104C
:1015900084BE00108CBE001090BE00100000000041
:1015A0008512001010B504001300034A10680A00E9
:1015B0002100FFF78DFE10BD10070020F8B557463B
:1015C0004E464546DE46E0B51F000A9B92469846C9
:1015D0000A698B6806000C009A4200DA1A0053462A
:1015E0001A604323E35C002B02D0514601320A60AB
:1015F0002268910660D55346524606201B68023386
:10160000136022681100104208D11920834600207F
:10161000E1688146A344994246DC11004323E35C20
:101620005A1E934189060AD53020E11843310870CB
:1016300045215A1C615CA21843320233117022000A
:10164000390030004332C04701301CD053460621D8
:1016500018682368E2680B40042B33D0A368216923
:101660008B423ADD002291465B1A994400251A34D8
:1016700002E001354D4530DA012322003900300007
:10168000C0470130F5D101204042F0BCBB46B24614
:10169000A946A046F8BD01239C465346E5681B6851
:1016A000E144ED1A4D4525DD01235A46390030004D
:1016B000C0470130EFD1E6E7062111420FD05A1E94
:1016C0009341BCE7121AD343DB17134099462169B3
:1016D000A3688B42C8DC002AC8DC0020D5E71920AB
:1016E0005346834600201B68E1688146A344994223
:1016F000DADC92E743232168E35C5A1E93418906B2
:1017000092D49CE7F0B54E46994643239C465746F3
:101710004546DE468C446346E0B587B002930C0034
:10172000097E90460700109A002912D00B00583B02
:10173000DBB2202B46D894489B00C3589F462368B1
:10174000190600D4E7E01368191D11601B6862696F
:101750001A600023029D23614B462100009338004C
:10176000434605AAFFF72AFF01301ED02A00414652
:1017700038002369C847013017D02368E068059E08
:101780009B071BD5B04219DD19239A460025A244B8
:1017900004E0E0680135831BAB420FDD01235246B4
:1017A00041463800C8470130F3D10120404207B01C
:1017B000F0BCBB46B246A946A046F0BDB042F6DA40
:1017C0003000F4E72500422301204235E154432351
:1017D00000222061E254BFE72368190602D45906AB
:1017E00000D5A6E01168081D10600A681600002ADE
:1017F00000DAACE0654B9B460A2303934BE0236879
:10180000180602D45B0600D58EE01368181D106020
:101810001E685E4B9B466F2900D1AAE00A23039302
:1018200036E013682500191D11601A684223012053
:101830004235E254CBE71368191D11601D68002181
:101840002800626800F00AFE002800D19AE0401BE0
:101850006060BCE7202321680B432360452178208A
:1018600060544B498B46190631D459062FD511685F
:10187000081D0E881060DA0702D52022134323606A
:10188000002E03D120222368934323601023039367
:1018900043230022E2546368A360002B1EDB042173
:1018A00022688A432260002E18D1029D002B63D14A
:1018B000039B082B24D0029B5B1B23614CE7452331
:1018C0005821E154236831498B461906CDD511685A
:1018D000081D10600E68CEE72368BFE7039B9A4699
:1018E000029D3000514609F077FB5B465B5C013D91
:1018F0002B70330006005345F3D2039B082BDAD13B
:101900002368DB07D7D5626823699A42D3DC30238A
:10191000013D2B70CFE75B0612D513686169181D76
:1019200010601B68198014E71368181D1E8810606A
:101930006FE71168081D106000228E5E320056E7C6
:101940001368191D11601B6862691A6001E7432260
:101950002D21A1546268A260002A02DB0422934375
:1019600023600A239A46094B76429B460A23039337
:10197000B6E7082303938BE75B4625001B784235C7
:101980002B7095E7606822E71CB3001098BE00102A
:10199000ACBE0010F8B505000E001400002802D0FF
:1019A0008369002B29D02D4B9C422BD02C4B9C4281
:1019B00046D02C4B9C424ED0A369A360A3891B0741
:1019C00026D52369002B23D0FF22F7B26169164088
:1019D0002268D31A99422ADD0133A1680139A16036
:1019E000511C2160177062699A422BD0A389DB07D2
:1019F00001D50A2E26D03000F8BD00F0C7FA174BEB
:101A00009C42D3D16C68A369A360A3891B07D8D477
:101A10002100280000F034F8002819D1FF222369A2
:101A2000F7B2616916402268D31A9942D4DC2100CA
:101A3000280000F035F900280AD101232268CCE7FC
:101A4000AC68B9E72100280000F02AF90028D2D0BC
:101A500001267642CFE7EC68AEE7C046E0B300105F
:101A6000C0B30010A0B30010030010B50A00034972
:101A700008681900FFF78EFF10BDC0461007002050
:101A80003B4B70B51D6806000C00002D02D0AB6901
:101A9000002B1AD0374B9C421DD0374B9C4249D06B
:101AA000364B9C425DD00C22A35E1A0718D52269E2
:101AB000002A1FD0D9072DD50021A160616900201F
:101AC0004942A161002A2DD070BD280000F05EFAC5
:101AD000284B9C42E1D16C680C22A35E1A07E6D425
:101AE000DA0640D55A0727D4226908210B43A3817F
:101AF000002ADFD1A0218020890080001940814286
:101B0000D8D02100300000F023FC0C22A35E226913
:101B1000D907D1D40021980700D461690020A160C1
:101B2000002AD1D11A06CFD5402213430120A38128
:101B30004042C9E7AC68B6E7616B00290AD02200D1
:101B40004432914204D03000FFF7CAFA0C22A35E5F
:101B50000022626324229343002262602269226091
:101B6000C3E7EC689FE70922326037321343DDE7B1
:101B700010070020E0B30010C0B30010A0B30010A5
:101B8000062010B500F00EFE012007F0D5FEC0467D
:101B9000F0B5C64600B50C228B5E07000C001A0794
:101BA0003ED44A68002A60DDE56A002D36D0002266
:101BB0003E683A60DA045DD4002201233800216ACD
:101BC000A8470200431C60D00C21635EE56A5B07F6
:101BD00006D56368D21A636B002B01D0236CD21A2E
:101BE00000233800216AA847431C45D13B68002BDD
:101BF00042D01D2B01D0162B2DD100236360236909
:101C00002360616B3E60002908D023004433994271
:101C100002D03800FFF764FA00236363002021E05C
:101C20000E69002EFAD00D680022AD1B0E609B07D6
:101C300000D14A69A260002D04DCEFE736182D1AA6
:101C4000002DEBDDA36A3200984638002B00216A94
:101C5000C0470028F2DC40220120A3894042134300
:101C60001BB2A38180BCB846F0BD0A6C002A9BDC85
:101C70000020F7E7626DAAE7002363602369236011
:101C8000A389DB04BDD56065BBE73B68002B9BD017
:101C90001D2B01D0162BDED100203E60E2E7C046AE
:101CA0000B6970B505000C00002B16D0002802D07F
:101CB0008369002B15D00E4B9C4210D00D4B9C42DB
:101CC00012D00D4B9C4211D00C22A35E002B04D0ED
:101CD00021002800FFF75CFF00E0002070BD6C6869
:101CE000F2E700F053F9E6E7AC68EDE7EC68EBE704
:101CF000E0B30010C0B30010A0B3001070B5041E14
:101D000029D01A4B1D680369002B1BD0002D02D06F
:101D1000AB69002B18D0164B9C420ED0154B9C4241
:101D20001FD0154B9C421ED00C22A35E002B09D065
:101D300021002800FFF72CFF70BD6C680C22A35E09
:101D4000002BF5D10020F7E7280000F01FF9084B21
:101D50009C42E3D1F1E7094B0949186800F0D4FA35
:101D6000EAE7AC68E0E7EC68DEE7C0461007002071
:101D7000E0B30010C0B30010A0B3001018B30010FF
:101D8000A11C00100020704710B5024900F0BCFAF9
:101D900010BDC046A11C00100020704770B568251A
:101DA0004B1E5D430E0029007431FFF7F5F9041E48
:101DB00009D000232A00036046600C300021A06097
:101DC000683200F0DDFB200070BDC046F8B5254B41
:101DD00007001E68B369002B26D048367368B468C4
:101DE000013B03D51BE06834013B18D30C22A55EF0
:101DF000002DF8D120001C4B08220021E36065660D
:101E00002560A560656025616561A5615C3000F0B5
:101E1000B7FB6563A563A564E5642000F8BD35687C
:101E2000002D05D02E00D9E7300000F01FF8D4E7D0
:101E3000D62138004900FFF7AFF9041E0DD0042366
:101E4000D0220560250043600C300021A0605200C4
:101E500000F096FB34602E00C0E70C2330603B603E
:101E6000DBE7C04618B300100100FFFFF0B5D6460F
:101E70004F464646374BC0B5836200238364C36434
:101E80000365354B05001B6898425FD02800FFF7BB
:101E90009DFF68602800FFF799FFA8602800FFF702
:101EA00095FF6E680024E86004233000346074609D
:101EB000B4607466F36034617461B4610822002117
:101EC0005C3000F05DFB254B254F9A467362254B35
:101ED00037639946B362244B3662F362AE68984624
:101EE0003000224B34607460B4607466F360346117
:101EF0007461B461082200215C3000F041FB53465C
:101F000073624B46B36243463763F3623662EE68F0
:101F1000174B3000F36034607460B46074663461F1
:101F20007461B461082200215C3000F029FB534643
:101F300073624B46B3624346F362012337633662F2
:101F4000AB61E0BCBA46B146A846F0BD012383614F
:101F50009CE7C046891D001018B300101529001019
:101F6000B129001041290010812900100900010049
:101F70001200020010B5034B0349186800F0C4F9C1
:101F800010BDC04618B30010A11C0010836910B525
:101F9000002B01D1FFF76AFF10BDC0467047C04655
:101FA0007047C0467047C0467047C04610B5034BE7
:101FB0000349186800F088F910BDC04610070020DA
:101FC000851D001010B5034B0349186800F07CF91B
:101FD00010BDC04610070020991D0010F0B5454601
:101FE000DE4657464E46E0B5936883B00C009046F7
:101FF0000090002B25D00C228B5E1A0729D50A6988
:10200000002A26D0424616689A072ED5AB4B0027E9
:1020100000259946002D5DD02B004D4500D9A74BDA
:10202000A26A216A924600983A00D04700285BDDF8
:10203000434642469B683F181B1A2D1A9360002B9B
:10204000E8D1002003B0F0BCBB46B246A946A0468A
:10205000F0BD21000098FFF713FD002849D10C22A4
:10206000A35E424616689A07D0D4DA0744D4002209
:1020700091468022920000279346002F25D05A4691
:10208000A568134200D17DE0AA46BD4200D9ADE06B
:102090009022D200134200D0B9E02068524649464F
:1020A00000F016FAA3685B1B3D000027A3602368BD
:1020B00053442360434642469B68A9445B1B93609C
:1020C000BFD00C22A35E002FD9D132687768914629
:1020D0000836D2E73768756808369BE72100009814
:1020E000FFF7DEFD00282CD00C22A35E4022134314
:1020F000A38101204042A5E700230027B14600202C
:102100009A461E00002F28D000282FD03300BB464F
:102110009F4200D99B4620682269A5686369904266
:1021200003D9ED18AB4500DD9FE05B4562DCA56A95
:102130005246216A0098A847051ED5DD0120761B6E
:10214000CCD0434642469B68AA445B1B7F1B9360EE
:10215000002B00D175E7002FD6D108224B469446BC
:102160005F68E144002FF8D01B689A463A000A21C4
:10217000504600F073F9002800D196E05346013034
:10218000C61AC3E720682369984217D863699A463C
:10219000BB4213D8802338001B069F4200D3484817
:1021A000514608F039FF5346A56A43434A46216A1F
:1021B0000098A847051E97DD7F1B7BE7BD4200D92D
:1021C0003D002A00494600F083F9A36822685B1BA2
:1021D0005219A3602260002BEED121000098FFF776
:1021E0005FFD002800D07FE77F1B63E73D00BA4614
:1021F000206853E75A46514600F06AF95A46A368E8
:102200005D469B1AA36023685B44236096E7606980
:1022100022682169551A42001218D00F8218681CD2
:102220005210C01992460195904201D9824602008F
:102230005B0529D511000098FEF7AEFF051E37D0CB
:10224000019A2169FEF738FEA3891E4A13408022B5
:102250001343A3815246019B2561E818D31A3D0020
:10226000BA4620606261A36018E751462A0000F078
:102270002FF9236821005B1900982360FFF710FDF8
:10228000002800D15AE72FE7009800F0D1F9051E89
:10229000E0D1009D21692800FEF722FF8022A3895A
:1022A0009343743A1BB22A6020E77B1C1E002EE782
:1022B0000C23009A13600C22A35E17E700FCFF7F3B
:1022C000FFFFFF7F7FFBFFFFF0B5C6464830884623
:1022D0000700002600B57D68BC68013D0CD4A389C9
:1022E000012B06D90E22A35E013302D02000C04785
:1022F00006436834013DF2D23F68002FEBD1300035
:1023000080BCB846F0BDC046F8B54746CE4680B55D
:10231000070080468946002648377D68BC68013D35
:102320000DD4A389012B07D90E22A35E013303D05C
:1023300021004046C84706436834013DF1D23F685A
:10234000002FEAD13000C0BCB946B046F8BDC04647
:10235000F0B50C228B5E06000C0097B09A0707D5EB
:1023600023004733236023610123636117B0F0BD6D
:102370000E22895E002930DB6A4607F0CFFA00287A
:1023800029DBF023019D1B021D401F4B80279C462B
:1023900065446B425D41FF0039003000FEF7FCFEF2
:1023A000002826D08021194AB262A28920600A43FF
:1023B000A28120616761002DD8D030000E23E15E3C
:1023C00007F0B8FA0028D1D00322A3899343012251
:1023D0001343A381CAE70C22A35E002540271B06F6
:1023E000DAD48027FF0039003000FEF7D5FE002840
:1023F000D8D10C22A35E9A05B8D4032293430222BB
:102400001343A381ACE7C04600E0FFFF891D001025
:1024100070B50C001E000E23C95E150096B0002991
:1024200014DB6A4607F07AFA00280FDBF0230199E3
:102430001B021940084B9C4661444B425941802382
:10244000DB00002031602B6016B070BDA389002135
:102450001B06F4D54023F4E700E0FFFF70B5CCB2D3
:1024600083070FD0531E002A0AD0032504E0013051
:10247000284208D0013B03D30278A242F7D170BDB5
:102480000020FCE71300032B12D9FF220A4015029B
:10249000AD182A040C4EAD1803E0043B0430032BA6
:1024A00006D9026809496A40511891433142F4D073
:1024B000C218002B03D1E3E701309042E0D003784B
:1024C000A342F9D1DBE7C04680808080FFFEFEFE9C
:1024D000F0B588420AD98B18984207D2531E002AB9
:1024E00003D0CA5CC254013BFBD2F0BD05000F2AE9
:1024F0000AD8561E002AF8D00023CC5C1A00EC54EF
:1025000001339642F9D1F0E70324030026000B4380
:102510001E401C4230D11500103D2D0903000C0057
:10252000AC462F013F1825681D6065685D60A56891
:102530009D60E5681034DD601D001033BD42F2D1AE
:1025400065460F230C2401352D0149191340451907
:10255000144213D08C59AC5104369C1B032CF9D86F
:10256000043B9B0801339B00ED18C91803231A4054
:10257000561E002AC0D1B8E7561EBDE71A00B8E7BC
:10258000F0B50500830749D0541E002A45D003004A
:102590000326CAB202E00135013C3ED301332A7062
:1025A0003342F8D1032C30D9FF220A401502AD186E
:1025B0002A04AD180F2C34D92700103F3F093E01E3
:1025C000B4461E001A0010366644156055609560CA
:1025D000D56010329642F8D101373F01DB190F2741
:1025E0000C22274022403C00002A0ED03E1FB60895
:1025F000B400A4461A001C1D644420C2A242FCD1AF
:1026000003240136B6009B193C40002C05D0C9B20A
:102610001C19197001339C42FBD1F0BD030014005A
:10262000C0E72700E2E7C0467047C0467047C04693
:10263000F8B506000C00150000291BD0002A15D0A3
:1026400000F0BCF92700A84201D33800F8BD2900EA
:102650003000FEF7A1FD071E0AD021002A00FEF778
:102660002BFC21003000FEF73BFDEEE7FEF738FDC6
:102670000027EAE71100FEF78FFD0700E5E7C046F7
:10268000436C10B50400002B01D0002010BD802148
:10269000FEF782FD6064002806D00200002380322D
:1026A00008C09042FCD1F0E701204042EEE7C0466E
:1026B00070B505000C0016001F2907D8406C0028D3
:1026C00009D0A40004192068266070BD1623036099
:1026D00001204042F9E780212800FEF75DFD01005E
:1026E00003000022686480310028F1D004C38B42CB
:1026F000FCD1E6E770B505000C001F291ED8436C1D
:10270000002B0ED08A009B181A68002A09D0012AD3
:1027100005D0511C0ED000212000196090470020E8
:1027200070BD280000F0F2F822000100280000F03F
:10273000D9F8F5E7162303600120F1E716230360BB
:1027400001204042ECE7C04670B505000C001F298F
:1027500024D8436C002B14D0A2009B181A68002ABE
:1027600009D0511C0BD0012A07D00021200019608C
:102770009047002070BD0120FCE70320FAE702200B
:10278000F8E78021FEF708FD031E686406D00021EB
:102790000200803002C29042FCD1DDE701204042BD
:1027A000E8E7C046144B70B504001D681F281DD80B
:1027B0006B6C002B0DD082009B181A68002A08D081
:1027C000012A04D0511C0DD000211960904700202F
:1027D00070BD280000F09AF822000100280000F0E7
:1027E00081F8F5E7162301202B60F1E7162301207D
:1027F0002B604042ECE7C04610070020114B70B53B
:1028000004000E001D681F2807D8686C002809D036
:10281000A40004192068266070BD16232B600120D7
:102820004042F9E780212800FEF7B6FC01000300D2
:102830000022686480310028F1D004C38B42FCD1AF
:10284000E6E7C046100700200C4B10B51C68636C0F
:10285000002B01D0002010BD80212000FEF79CFC41
:102860006064002806D002000023803208C0904235
:10287000FCD1EFE701204042EDE7C0461007002001
:10288000174B70B504001D681F2825D86B6C002BF2
:1028900014D0A2009B181A68002A09D0511C0BD032
:1028A000012A07D00021200019609047002070BD48
:1028B0000120FCE70320FAE70220F8E78021280046
:1028C000FEF76AFC031E686406D000210200803017
:1028D00002C29042FCD1DCE701204042E7E7C0465B
:1028E00010070020002370B5074D040008001100F8
:1028F0002B6007F027F8431C00D070BD2B68002B1D
:10290000FBD02360F9E7C046780C002010B507F033
:102910001FF810BD70B50C000E25495F06F0D4FFFE
:10292000002803DB636D1B18636570BDA389024A31
:102930001340A381F9E7C046FFEFFFFF0020704777
:10294000F8B50C001F000C23C95E05001600CB056E
:102950000AD40A4B320019402800A1810E23E15EFF
:102960003B0006F0B8FFF8BD0E23E15E0022022313
:1029700006F0AFFF0C23E15EEBE7C046FFEFFFFF81
:1029800070B50C000E25495F06F0A3FF431C07D06D
:102990008023A2895B0113431BB26065A38170BDD4
:1029A000A389024A13401BB2F8E7C046FFEFFFFFBE
:1029B00010B50E23C95E06F090FF10BD0B1F1B68FB
:1029C000181F002B00DB70470B58C018FBE7C046F0
:1029D00030B5032A19D903000B43551E9B0710D0AD
:1029E000002303E05A1C9D4212D01300C25CCC5C51
:1029F000A242F7D0101B0CE0043A04300431032A41
:102A000003D904680B689C42F6D0551E002AE7D112
:102A1000002030BD80220300802130B58024920048
:102A20000240C005C00FE4000901DD040DD500011E
:102A3000002A01D020221043234201D0402210431B
:102A40000B4201D08023184330BD002A01D002225E
:102A50001043234201D0042210430B42F4D0082338
:102A6000F1E7F82210B50C00411EFF390023520196
:102A7000914202D2FFF7CEFF03001800A04710BD1D
:102A800001218140024B1A780A431A707047C046F0
:102A90003C2E002001218140024B1A788A431A7093
:102AA0007047C0463C2E002073B5030401AA108075
:102AB0001B0E072B1DD81278062A1AD801250724C9
:102AC00003202E0063439B18DA0892B25043234040
:102AD000084A9E4080180022F6B20B00D340845C66
:102AE0002B405B42634033405C4084540132032AF4
:102AF000F3D173BD6C27002037B5030401AA108001
:102B00001B0E0020072B17D81178062914D807228E
:102B10000324534301255B1801001A40DB089BB2D4
:102B20005C43064BE418635CD3402B408B4001317F
:102B30001843C0B20329F6D13EBDC0466C27002021
:102B4000012370B51E00864030001E008E40074DE8
:102B500031002C78934022000143C8B29A432140AF
:102B6000884201D11C43E2B22A7070BD3C2E002085
:102B70000721054B054A1B7812789A4200D170470D
:102B800001330B40F9E7C046452E0020442E0020BB
:102B900070B50C4C23781A00824310002270050097
:102BA0000722154010420BD1984209D0064B5B78A2
:102BB0005B0705D5C008FFF76DFF044B25701D802E
:102BC00070BDC0463E2E00208E2E0020402E0020DC
:102BD000024A1378834313707047C046392E002091
:102BE000044A1378002B03D000231370024A138089
:102BF0007047C046382E0020422E0020030010B53A
:102C0000E72808D8DF2808D8312861D00ED829282D
:102C100055D02A2862D0180010BDE0380728FAD80D
:102C2000FEF702F918F9252A38F93F44392808D067
:102C3000822806D03528EED12F4A12789206EAD59E
:102C400006E02D4A1178890750D152781207E2D553
:102C50002923E0E70121284802780A4236D140784A
:102C60000842D8D0E323D206D5D50023D3E7224AA1
:102C700012785107F6D4CEE71F490A78500733D4AB
:102C80004978C90732D410210A4051424A41524280
:102C90001340C0E7184A51788907BCD51278E7235A
:102CA000E1E7154A12781107F9D4B4E712490A7816
:102CB00010071DD449788907E5D5E423ABE70E4A10
:102CC0001178890616D452781207A4D53923A2E7C1
:102CD000094A127852069ED52A239CE7064A1278A2
:102CE000520698D5312396E7E22394E7E02392E752
:102CF000E62390E735238EE78E2E002030B5244C56
:102D000021784B070DD514220240043A53425A4110
:102D100018230340083B5D426B419A4201D00C23CB
:102D200058400B070DD514220240143A53425A4121
:102D300018230340183B5D426B419A4201D00C239B
:102D400058406478E3070DD511220240013A5342FE
:102D50005A4118230340083B5D426B419A4201D01F
:102D600009235840A4070DD511220240113A5342BD
:102D70005A4118230340183B5C4263419A4201D0F8
:102D800009235840C90601D51823984330BDC046D1
:102D90008E2E002070B5FFF731FFA4230400DB0165
:102DA000984240D2A023DB01984200D38CE0E72870
:102DB0000DD98023DB0198421BD3C0B2FFF71EFF61
:102DC000F0231B012340514C03431C4308E0DF2840
:102DD00027D8A42806D8032823D8013C63425C41A5
:102DE000A4B21EE00200CD3A92B2122AEDD900241C
:102DF00017E08026B601B04200D376E0431EFF3BC9
:102E0000013EFF3E9BB2B342F1D2000AC0B2FFF7CF
:102E100075FF0500E0B2FFF7F1FE2D0235402843B3
:102E200084B2201C70BDA523DB0198421CD2384B14
:102E3000984236D8374B984209D9032101220140E4
:102E40008A40C3065B0F5B01334C1343BDE7334B32
:102E5000984220D80322C4B2A3081440023AA240E8
:102E60005B012F4C1343B0E72E4B984208D81F202C
:102E70002D4B20409C421ED82C4C00020443D0E72E
:102E80002B4BC3189BB21F2BB1D8F82304025B0154
:102E90001C40284B03E01F23274C03401B021C430C
:102EA000BFE70321012201408A40C3065B0F5B019B
:102EB000224C134389E7FFF721FFF8238024000207
:102EC0005B011840A401D9E71F202040FFF716FF3F
:102ED000E3051B0F1B02C20605D5FF2200011040AF
:102EE000174C034371E700B2FAE7C004C00EFFF7C6
:102EF00005FF0500E0B2FFF781FEF8232D025B011C
:102F00001D4005432E43B4B28BE7C04600A0FFFF2F
:102F10005F5200003F520000008CFFFF1F52000074
:102F2000008DFFFFBF5200009F520000F4A0000080
:102F300040ADFFFFF0A00000F1A00000008AFFFFFD
:102F40000090FFFF00207047002070470122014BD6
:102F50001A707047E8260020704730BFFDE7000078
:102F600010B55200054C1218091A035BDB430B52D3
:102F700002309042F9D1012010BDC04600E01F1080
:102F80007FB5294A030CDBB2D45C050AEDB22300FD
:102F90002100C6B2002D2BD00620FF21704308F07F
:102FA0003BF85522524242437600B218032656435C
:102FB000FF21F6B232008E1B4B1B6A43754312127F
:102FC0002D128A1A491B6343624361431B1212127A
:102FD0000912DBB2D2B2C9B2062820D8FDF72EFF03
:102FE000040613161A1F040022000C00210014000E
:102FF000FF22200011401040090213401B04084327
:10300000184304B070BD1A000B00EFE711001A005E
:103010002300EAE722001C0013000A00E6E7110083
:1030200022001C00F0E7C046E6BA001013B51C00F1
:103030006B4659709A7018700098FFF7A1FFC1B2E3
:10304000020403020448120E00781B0E201AC0B2BC
:1030500000F0B8FA13BDC0460C0900200A4A1378E4
:10306000032B0AD803210B4001310B431370D37893
:10307000782B01D97823D3707047AB2BF7D9032174
:103080000B405B39F1E7C046302E00200B4B70B58A
:103090001B78DB0702D504F0EDFA70BD084DAC7863
:1030A000EB78A342F7D9002328781A00201A1900D8
:1030B000C0B2013400F086FAE4B2F1E7302E00200D
:1030C0000C090020F7B50D4B0E001B78170001907E
:1030D000DB0706D50A4DAC78EB78A34202D8FFF7A0
:1030E000D5FFF7BD28783B00201A32000199C0B205
:1030F000013400F067FAE4B2EEE7C046302E00205B
:103100000C09002070B50F4B0400DD780379012213
:1031100018001040134200D028000222190011406C
:10312000134200D0290004261A003240334200D056
:103130002A00FFF7C7FF07222379013313402371C9
:1031400070BDC046302E00200C4B07B51B78DB0746
:1031500012D56B4618705970131C782A00D9782341
:103160006A4693700098FFF70BFF01040202090EF4
:10317000C0B2120EFFF7A6FF07BDC046302E0020DA
:1031800010B50400054B02799A5C054B9978587884
:10319000FFF7DAFF23790133237110BDB6B90010B0
:1031A000302E002010B50400044B0079DA789978AD
:1031B000FFF7CAFF23790133237110BD302E0020A1
:1031C000F7B5050000247826154B1979A14209D8D6
:1031D000FFF75CFFAA782B79D2071ED501335BB2CB
:1031E0002B71F7BD9B781B1900930E4BD878021CEE
:1031F000782800D9321CD2B20192FF209F7807F0C4
:103200000BFF60432B793900C018019A009BC0B2B4
:103210000134FFF70BFFE4B2D6E7013BDFE7C0461E
:103220000C090020302E0020F0B501243C4B85B065
:103230001B790500019382780379224216D1002B75
:103240001DD00026019BF0B298421CD3FFF71EFF51
:10325000344E012C5BD13178002954D1304B1B798D
:10326000013BDBB23370297105B0F0BD012464422B
:10327000002BE6D12B4A137001232B71E1E7019B50
:10328000013BDBB2F6E7264B04279A781B780292C3
:10329000D31AC0180023C0B21A00190000F092F926
:1032A000E3B20393002300931E4B1878009B181879
:1032B000C3B240B2362820DD362107F075FE48B291
:1032C00086420FD11848029BC1789B197943891017
:1032D0000A1CC9B2782900D978228178D2B2407804
:1032E000FFF7A4FE039A009B94466344DBB2013FC0
:1032F0000093002FD8D10136A4E70028E0DA019A24
:103300009B1858B2DCE70139CBB22100AAE7044B85
:1033100030781979013007F047FEC9B20B00A1E7F8
:103320000C090020E8120020302E0020F7B50379A8
:103330000600002B08D1304901220B7002212F4BCF
:10334000027119702E4B1A702E4DAB781C00019330
:10335000EB78A3421FD800242979274FA14225D812
:10336000FFF794FE254C264938780B7822781818F8
:103370009A1840B252B238702270002A03DD2A79BE
:10338000013A904206DB5B425BB20B70012B01D12C
:1033900000233371F7BD002328781A00201A190082
:1033A000C0B2013400F00EF9E4B2D1E7200007F01A
:1033B000FBFD0022019BBA565B18DBB2944212DB84
:1033C0000E4A127852B294420DDC0F48C1780A1CA2
:1033D000782900D978228178D2B24078FFF726FE8A
:1033E0000134E4B2B8E72878181A0023C0B21A00F2
:1033F000190000F0E7F8F3E7E7120020FA080020D0
:10340000F90800200C090020302E0020F8B50279C0
:103410002021130055245343891A53430A00060000
:1034200020004A4351435843C91807F0CDFDC7B2A5
:103430000323C0B2292F17D843435B10DB43DCB210
:103440000025184B1A79AA4216D8FFF71FFE3379C8
:103450000121154A002B02D0202B01D1FF21117030
:1034600012789B183371F8BD241A6343DC0FE418FB
:103470006410E443E4B2E3E702223800154202D1CB
:103480005332D01BC0B29B78221C5B19782C00D918
:1034900078220649D2B289780135FFF7C7FDEDB22F
:1034A000CFE7C0460C090020F8080020302E00208D
:1034B000F8B504000025124B1A79AA4207DCFFF781
:1034C000E5FD01222379013313402371F8BD0D4E30
:1034D0009B7827797078B1785B195208AA420BDD86
:1034E000002F0BD0F678321C782E00D97822D2B279
:1034F000FFF79CFD0135DEE7002FF3D00022F7E750
:103500000C090020302E0020F823DB01984205D161
:10351000034B1B685A1E93415B4218407047C046DC
:10352000D8260020002210B5064B074C0748084952
:103530009A6101329C60D86019611C33202AF7D14E
:1035400010BDC046A42A002015750010517500104A
:10355000F17500100200032070B50A4B9C78DE78EC
:10356000651C05400020AE420AD07F300240C901F0
:103570001143E41821711A789D7001321A707E3857
:1035800070BDC04668260020074B8000002900D18E
:10359000064B1B5800205A1C05D0D022120650683A
:1035A000D840012318407047140900201C0900204E
:1035B000034B1A6882431A609A681042FCD0704725
:1035C00000C0004030B50324034D60432C002D188B
:1035D0006970AB70225430BD0411002002790300E1
:1035E00000200A420AD19A780130002A06D01B7ABC
:1035F00011401B0703D54B1E9941C8B270470F23DA
:103600001000120918400B4009090B431043C01A5F
:1036100043425841C0B2F1E710B5002A00D09047AC
:1036200010BD0000064B10B51B78181E07D0054BC7
:103630001B68181E03D01B68181E00D0984710BDC9
:10364000342700206027002070B5164B9B78012B93
:103650000FD1154A12787F2A0BD9C108EF2807D855
:10366000124A5218072101408B4091780B43937006
:1036700070BD0F49012200230C0052428D78A842F0
:10368000F6D0561C02D1002D00D11A000133DDB254
:1036900001315BB2062DF1D1531CE9D0A418A07002
:1036A000E6E7C046600C00208E2E0020A00E002011
:1036B000980E0020014B58787047C046600C0020DF
:1036C000BFF34F8F034B044ADA60BFF34F8FC046FE
:1036D000FDE7C04600ED00E00400FA05002370B5E8
:1036E0001F4CD4306360C17842798578067909022D
:1036F00012020D433243090A032915D008D80129C3
:103700000DD01800022908D1164B63605B2309E035
:103710001800212915D022291AD0236070BD124B20
:10372000636012232000F8E7EDB21800032DF4D8EF
:103730000E4BA900C8580E4B5B5D60600028F1D1AC
:10374000EBE7022AE9D80B4B9200D0580923F4E7A3
:10375000022AE2D8084B9100C858084B9B5CECE762
:103760002410002093B60010EEB6001020B7001011
:103770001CB7001010B7001004B7001000B70010FD
:1037800010B5D430C379084984791B020A782343E1
:10379000022B07D1012A01D0062A02D1034B4A7815
:1037A0005A7010BD014BFBE720100020600C002078
:1037B00001007F23D43170B5040008780340212B29
:1037C00000D091E043B2002B54DA4B78022B37D073
:1037D000032B27D0012B4DD10B798978022B00D9EF
:1037E000A5E0082900D9A2E0544AD25C022A00D9F7
:1037F0009DE094235343524A9B58002B00D196E0FE
:10380000504D5E682A001868B04723004E4AC833FE
:103810001A60AB6C00222100D034CC310B602260E6
:10382000012070BD4A790B7912021A4322D147490F
:10383000474B897819702100C8310B600123EAE7F2
:103840000B798978022B72D8082970D83B4AD25C50
:10385000022A6CD894235343394A9B58002B66D0D4
:103860005A691868904722003A4BC83218701360A2
:103870000123CFE74B780A2B1FD00B2B0ED0092B3F
:1038800032D14A790B7912021A4302239A432BD17F
:1038900022003149C8321160304ABCE74B790A79BD
:1038A0001B02134304D18A78284B511E8A419A7017
:1038B00022000023C8321360ACE7CA78234B1A7089
:1038C0000B798978022B32D8082930D81B48C05C84
:1038D00002282CD89423434319481B58002B26D088
:1038E0001D691868A847E3E76023002598438128ED
:1038F00014D14B78062B11D14B790A7960681B02E1
:10390000466813432000CA788978B047A8420ED091
:1039100023004268C8331A6003687BE7DE2676001E
:103920000F4B5B59002B04D19435B542F8D10020E0
:1039300077E7200098470028F6D071E790B600108E
:10394000400A0020D00F0020D80F0020600C00207B
:103950001D1000201C1000202010002081370010B6
:10396000380A0020704770470368002B07D0910089
:103970001960511E8A41024B19780A431A70704728
:10398000C82600200368181E02D018688008C0B23C
:10399000704700004B1E072B0BD889000B58002BDB
:1039A00007D091001960511E8A41024B19780A43D1
:1039B0001A707047C826002003000020082906D886
:1039C0008900CB58181E02D018688008C0B2704712
:1039D000034A916A936A5B1A9842FBD87047C046C3
:1039E00000400540030010B51B68984203D09C6856
:1039F0008A689442F8D25A680B604A601160596034
:103A000010BD4269036910B5934204D10023C46814
:103A100018009C4201D1100008C80B6010BD0000C6
:103A20000300020010B5D6331B78DE3213707F22FC
:103A30001340064A0400136043681B68002B01D042
:103A4000012198470323237010BDC0460000115088
:103A5000C0224368D20510B5D968DA608368054A88
:103A60000133DB009C58002C02D0D2185068A047CC
:103A700010BDC046981300207F220138C3171340A1
:103A80001B18DB110133DB0102329BB2FF3210B590
:103A900093420ED0FF2480220749D20024025918F5
:103AA0001000214204D0181C934200D9101C80B28F
:103AB00010BD80208000FBE780FDFFFF70B500296E
:103AC0002ED11C4BDC6C01228B1C9B00C01846685D
:103AD000B069837C05685A408274728AAA4200D910
:103AE0002A005E1EB3418026F6001643B6B2406837
:103AF0005B033343104E12183340954202D88022A4
:103B0000D20113430D4A1440802292051443002928
:103B10000BD1084AD4640A4AC90089184B6070BDA9
:103B2000084ACB009B185C68CDE70648CA0012180B
:103B30005460F0E700001150FF7FFFFFFFFFFFAF71
:103B4000800010500000105070B5040001200600E5
:103B50008E400D00618931436181A91C8900611883
:103B600049688E69B260002233607260F2609342ED
:103B700005D0498A013B581807F026FA80B23082F6
:103B800029002000FFF79AFF70BD0300006F10B5F9
:103B90000278042A13D11A007432117801228A4063
:103BA000448922420BD11A695C69A24202D1DC68C5
:103BB000002C04D1DB690432043BFFF7C5FF10BDC4
:103BC00010B5406BFFF7E1FF10BD0000074810B5CE
:103BD0000178052908D10300E0331B78037043689E
:103BE0001B68002B00D0984710BDC0465C25002004
:103BF000054B10B51B68002B04D05B69002B01D06E
:103C00002021984710BDC046602700201349144B5F
:103C100010B50022CB604020124B134C18879C61DA
:103C20005C63802498831A7532331A700F48104BE6
:103C3000A4051C501A600123E2310A800D49D80006
:103C40000D4C4018D9000C198260E267C2600B4825
:103C500001330918CA670F2BF0D110BD5C25002075
:103C6000ECB500107C0C0020000110504C2000002E
:103C700000001150F8FF0F500400105008001050C1
:103C8000064B074A10B51A6000221A710323054A31
:103C900091780B43937006F0E9F910BD302E0020A7
:103CA0000500FF782A2E002010B5044A1379002B56
:103CB00001D0013B137106F0D9F910BD302E002060
:103CC00010B5044A1379022B01D80133137106F0A1
:103CD000CDF910BD302E0020006810B5002806D0A8
:103CE000034B9B6A826443600830FDF7E5F810BD22
:103CF000004005400168130010B5002906D08A6C09
:103D000008331A6408311800FDF7D6F810BD00001A
:103D10000B7810B5082B0AD89B001858002806D03D
:103D2000034B9B6A826443600830FDF7C5F810BD01
:103D300000400540030010B51000082909D889008B
:103D4000C958002905D08A6C083002640831FDF793
:103D5000B3F810BDF7B50231890040184368170069
:103D60005C691B8A216822698E1A9E4200D91E0056
:103D70000023180092198A4258412261820300925E
:103D8000217DB5B20A00501E8241520301920122E8
:103D90004A40A06922759F4200D0A38BC018320010
:103DA000A168FDF789F88420A36800029B19A3602D
:103DB000019B28431843009B1843002F00D00004A8
:103DC000FEBD0000F7B58B1C9B00C3185B680C1E82
:103DD0005F691A4E019023D1194BDB6C0022210040
:103DE00001980093FFF7B6FF3A683B6905009A42D5
:103DF00005D0012221000198FFF7ACFF05436B01BC
:103E000011D5104A009B13401A00A023DB05134371
:103E1000002C0FD10A4AD3641034E4003551F7BDA9
:103E2000CB00F358DAE7084A009B13401A008023BE
:103E30009B05ECE7E200B350EEE7C04600001050EF
:103E400000001150FFFFFFDFFFFFFFAF70B501253E
:103E50008D4004892C4304818C1CA40004196468DF
:103E6000646923600023A2606360E3602361FFF75D
:103E7000A9FF70BD37B5406B446F2378042B11D177
:103E8000030078331D780123AB402289134209D106
:103E900001A9FFF7B6FD021E04D029002000019BF6
:103EA000FFF7D4FF37BD000010B5084B9B78012BFE
:103EB00009D1074B1B787F2B05D91E22054800210D
:103EC000FEF75EFB10BD06220348F8E7600C0020F9
:103ED0008E2E0020A20E00209A0E0020036810B53E
:103EE0000400002B09D018009A6C00210830FEF75E
:103EF00047FB002223681A605A6010BD70B50500A8
:103F0000040024352368002B09D018009A6C002186
:103F10000830FEF735FB002223681A605A6004342B
:103F2000AC42EFD170BD0000F0B58E0085B08619AF
:103F3000009050690C001500F260002803D0202288
:103F40000021FEF71DFBA869002803D01C220021D8
:103F5000FEF716FBF7687E69BD69002C0ED1402381
:103F600080213F4AB383B26134756A612B833D4A35
:103F70003D4B8905AC74D15005B0F0BD002E3AD050
:103F80003A4BE200D3180393394B4020D218002358
:103F9000D36733753A6802930192012A13D1388AA4
:103FA000FFF76AFD802202239200904209D080220E
:103FB0000133D200904204D0431EFF3B5A4253418A
:103FC0009BB2DB060293009AE23294466346118864
:103FD00042008A181A80274BB083CA18019B81318E
:103FE000B261FF319A060A43802109061143039A00
:103FF000029B02C2D367002DBED01C4BE400E61822
:104000001D4B4020E4180023E367AB743C68012C8F
:1040100012D1388AFFF730FD8022022392009042AD
:1040200009D080220133D200904204D0431EFF3BCE
:104030005A4253419BB2DB06009AA406E232118831
:104040000F1817800B4A28838A186A6180228131F1
:10405000FF310C431206224372600836F3678BE788
:1040600000011050000011504C20000000001050C2
:10407000040010508001105008001050F8B51E00C8
:1040800006AB04001D88002A0ED00C2007006743F1
:10409000134BFF5C974200D23A0060431B185888CC
:1040A000104BC018FCF708FF200006F0D3FC071ED9
:1040B00013D0002D11D00C210A006243084B9A182E
:1040C00010792A00A84200D2020061435B18D98807
:1040D000044B3000C918FCF7EFFE3800F8BDC046AD
:1040E000F40B00200027002030B50F24012385B0F9
:1040F0006C4423700B4B0C4D1B78092B0BD9002300
:104100002B7000230122210008200093FFF7B6FF47
:104110002070287002E02B78002BF2D0207805B0B8
:1041200030BDC046DC260020DD26002010B5036827
:104130009C68A2420CD85C688A600B604C6021606D
:10414000596099688A1A9A6001235B42836010BDA6
:104150001B68121BECE70000F0B5142900D21421F3
:10416000D02614220D4C0E4D3606336847189B009E
:10417000E3185B689B6A04339B005F51AB6A181AB3
:10418000814203D8013211001800EEE7142A03D946
:104190000123E2681343E360F0BDC0461814002019
:1041A0000040054070B50468C2608B6048600C60D8
:1041B00061600160142B00D21423D0210906096824
:1041C000154C890061184968D5188E6A1349301D4D
:1041D000800045500120B04048638D6B28438863C0
:1041E00014208D6AAE1AB3420ED8431CD0200006AC
:1041F0000068D218800020184068806A043080006F
:104200000A5018002A00ECE7142803D90123E268B9
:104210001343E36070BDC046181400200040054001
:1042200000238268037503691B6899689142FBD279
:104230005A6803604260106058607047D0221206CE
:104240001168084B89005B185B68016910B59942D9
:1042500005D0136D9B0702D501235B425365FFF721
:10426000DFFF10BD18140020EFF3108072B6034A70
:104270001368002BFCD0BFF35F8F70472C0100D078
:1042800007B500236A46D3716B460122D91D06F09B
:10429000D3F86B46D8790EBD030070B50020032B10
:1042A00016D8072914D8062A12D80E244C435200D7
:1042B000A41870225343E41820002930FFF7E0FFD0
:1042C000050220002A30FFF7DBFFADB2284380B2A1
:1042D00070BD00000E4B37B51C68002301AD29806E
:1042E0009C4208D1697823002A78F02905D1F02A68
:1042F00001D1084B1B8818003EBD0729FBD8062AB0
:10430000F9D80328F7D8FFF7C7FF0300F3E7C04643
:104310003827002036270020F0B503240127104A53
:10432000104B12781B7885B001AE1A433080009292
:10433000009B23413B4205D1013CF9D200252800D6
:1043400005B0F0BD328803AB1A80E5B203992800AE
:10435000FFF7C0FFFEF71EFD80B20128ECD0EEE7AC
:104360003C2E00203B2E002013B54379008801AA83
:1043700010800198002B0DD000290BD0FFF7CCFF47
:10438000040001000198FEF78FFB20000199FFF760
:10439000A1FF16BDFEF7B0FB0400F6E71FB501ACA8
:1043A00020800198FFF7B8FF228803AB1A80039999
:1043B000FFF790FFFEF7EEFC04B010BD10B500242F
:1043C0000379A34217D00088FFF7E8FFC2B20004C8
:1043D000030F062B18D00F21062B0ED80E330B40DF
:1043E000012B08D80124F02A05D008D80024E7239F
:1043F00093426441E4B2200010BD0633EFE7F43A83
:1044000053425A41D4B2F6E70124E72AF3D9F13AEC
:10441000F6E70000F8B504000E00170005002B1B9E
:104420009BB2B34200D3F8BD064A1B190020934249
:1044300003D8054BE818FFF723FF3B1B5855013500
:10444000EDE7C046560B0000A904000013B56B460B
:10445000DC1D22000121FFF7DDFF207816BD10B51D
:104460002520FFF70DFF052801D0002010BD2620D4
:10447000FFF706FF4D28F8D12638FFF701FFB238C5
:1044800043425841F2E710B52820FFF7F9FE10BD6E
:1044900007B500236A46D3806B460222991D05F0BA
:1044A000CBFF6B46D8880EBD37B50D000400FFF773
:1044B000EFFFA84206D06B460222991D20000D8016
:1044C00005F026FF37BD00000A4910B54A785307AA
:1044D000DB0F83420CD00123034004209B00824366
:1044E0001A434A700988FFF7DFFF0220FEF750FBEE
:1044F00010BDC0468E2E002073B50026042201A9EF
:104500000820019605F098FF044C019D23202560AA
:104510006660FFF7B5FE2560606073BD302E002039
:10452000F0B51027244C254E85B001AD0A22290094
:10453000300005F081FF20003A0000210830FEF72E
:104540001FF809222B882380AB79A370AB88E37016
:10455000EB7923712B7A63716B88E380AA566B7AAF
:10456000002A01DB164A62610122134200D0227246
:104570000222134202D0217A0A43227204221342F9
:1045800002D0217A0A4322720822134202D0217AF1
:104590000A4322723B4202D0227A3A4322722022FC
:1045A000134202D0237A1A432272064B0A36183479
:1045B0009E42BAD105B0F0BD9027002069030000EB
:1045C000B8110020A904000010B501000822012044
:1045D00005F076FF10BD10B501002022002005F087
:1045E0006FFF10BD0A0010B5202903D10100022081
:1045F00005F066FF10BD0000F0B5837885B002932A
:1046000003790024019301230371454BDB785B0898
:104610007F33DB090393434B1B79A34203D8FEF797
:1046200035FD05B0F0BD029B3F4E022B07D8052398
:104630003B4A63435178F1549278F3185A70019BC6
:10464000002B1CD105336343019AF318DA709A707A
:10465000052262433448334B82189B7891781B19AA
:104660000A1C782900D97822052565434119497823
:10467000405DD2B20134FEF7D9FCE4B2CBE70527A6
:104680006743F519E878002817D0FF260138C0B233
:104690002979E870704306F0BFFC244F3040385C45
:1046A000BB212238C0B2704306F0B6FC1C4A06405B
:1046B000D07870430012A870CAE7FCF775FCFF21A0
:1046C00006F072FC039B9942C2DA029B022B0FD9BF
:1046D000FCF76AFCFF2106F067FCF155FCF764FC6F
:1046E0000F4B9E787608310006F05EFC76186E70EF
:1046F00005210A00002062430B4B9A189070084A6B
:10470000D078021CC82806D9094A127861435B1880
:104710001A71DA709CE7C0B21428F7D21422F5E7B8
:10472000302E00200C090020D9110020B6B900104D
:1047300000B400100C220021F0B587B000AFB8180B
:10474000B960FDF71DFFB623164D174E7B602C0098
:10475000102D00D910246B466A463B60E31DDB0830
:10476000DB00D31A9D4622006946300005F064FE46
:10477000082322006946F818FEF72AF9002805D018
:10478000082322003000F91805F0C2FD3B683619F5
:104790009D467B682D1B013B7B60002BD7D1BD461E
:1047A00007B0F0BD570B0000A904000010B505F0DC
:1047B0006BFC0000D0231B061A68084B92009B1864
:1047C0005B6810B5D9680875186802681A6053608C
:1047D00001220275D860FBF779FD10BD1814002086
:1047E0008322534B920010B5DA620022AA21514B6A
:1047F00009019A67504A514811602131FF31D16057
:104800004F49086051680029FCDA01214D4A1160C6
:104810005A6C012AFCD103214B4A11609A6B012A80
:10482000FCD14A4B1A68002A11DA3F211A680A4063
:10483000012A0CD19A681205120D7D2A07D1EE21AA
:10484000DA68C9020A40C421C9028A421AD0802209
:104850003F4952010A603F493F480A60140081689D
:104860008C43211EFAD101221A607C329A603B4AA5
:104870002131116019680029FCDAC421C902D9600C
:1048800008231360364B1A68002A11DA3F211A6890
:104890000A40012A0CD19A681205120D642A07D128
:1048A000EE21DA68C9020A40AA21C9028A421AD056
:1048B0008022274992010A60264927480A6014008D
:1048C00081688C43211EFAD101221A6063329A60FA
:1048D000244A2131116019680029FCDAAA21C90291
:1048E000D96008231360204B02211A00042005F030
:1048F000D9FB1E4B01211A00052005F0D3FB1C4BF0
:1049000000211A00072005F0CDFB194B00211A00E9
:10491000082005F0C7FB00210920164B144A05F0BA
:10492000C1FB124B00211A00062005F0BBFB10BD95
:1049300000800540008000400040024000B0FA00C6
:10494000006002403CB0004030B0004000800240B7
:1049500000E0004000F0004000C0004004B0024011
:1049600000C0024004F00240001BB700405973072A
:10497000006CDC021BB7000070470000014B800098
:10498000C05870477013002037B50D000400FFF7C2
:1049900077FCA84206D06B460122D91D20000D707D
:1049A00005F0B6FC37BD70B51D00032814D80729E3
:1049B00012D8062A10D80E2470234C4343435200C9
:1049C000A418E4182000290A2930FFF7DDFF200091
:1049D000E9B22A30FFF7D8FF70BD0000F0B5244BD4
:1049E00087B01A680025019201221A6070246C4376
:1049F000204B0027E4180DE07300F2B2E35AF9B23D
:104A0000E8B20136FFF7CFFF072EF5D101370E349C
:104A1000082F01D00026EFE70135042DE6D1002351
:104A200002AA03930493144CB433938120000A2206
:104A300003A905F06DFC114B0A349C42F6D1092202
:104A4000002103A8FDF79CFD012302AA5B4213810C
:104A50000833537320000A2203A905F059FC084BC0
:104A60000A349C42F6D1024B019A1A6007B0F0BD9D
:104A7000D826002030B7001029020000690300008A
:104A8000A904000010B5FF212520FFF77DFFFF21BD
:104A90002620FFF779FFFF212720FFF775FF002170
:104AA0002820FFF771FFFFF799FFFFF743FE05216D
:104AB0002520FFF769FF4D212620FFF765FFB22172
:104AC0002720FFF761FF10BD002337B50D0004223A
:104AD00001A90193040005F0AFFC019B9D4205D0A4
:104AE0000422200001A9019505F012FC37BD000049
:104AF000044A054B0220D15C002901D10138D05471
:104B00007047C0462814002004100000044A054BDA
:104B10000220D15C002902D000210138D154704715
:104B2000281400200410000070B58025044C6D018D
:104B30002A0000212000FDF723FD024B635170BDC8
:104B4000281400200810000010B5EFF3108372B68F
:104B5000054C2360FF235B03C01806F04DFA236861
:104B600083F31088012010BDEC12002010B5EFF384
:104B7000108372B6044C236006F046FA236883F370
:104B80001088012010BDC046EC120020F0B58DB099
:104B9000FFF7ECFF0024A04256D0FFF7A9FF8022C8
:104BA0002B4D0990290020001201FFF7CDFFA042F4
:104BB00040D0284828492B5D0F0043401E001B02AF
:104BC00007930023122206933000002306F00CFA0C
:104BD000F30E7A011A43730101920093009A019B2C
:104BE0008018594180197941730EFA011A43F30173
:104BF00003920293029A039B80185941330E3A02A2
:104C00001A43330205920493049A059B8018594174
:104C1000069A079B80185941802301345B019C420E
:104C2000C9D10A900B91042220000AA9FFF78CFF3A
:104C30004400E4B2099B012B01D1FFF767FF8022FA
:104C4000034B06495201995020000DB0F0BDC046FB
:104C50002814002025232284E49CF2CB08100000B5
:104C600080218022054B49015B58012010B592013B
:104C7000934201D3FFF78AFF10BDC04628140020DD
:104C800037B580246A46094D64012B59911D08806F
:104C900001221800FFF758FF03000020834204D0D0
:104CA0002B5902332B51FFF7DBFF3EBD28140020A8
:104CB000F0B587B003933C4B050018780F00140043
:104CC000C2073ED55978A94205D19A78BA4202D195
:104CD000DB78A34204D00223344A9678334393709E
:104CE000314E334A33789B08D25C01932F4B1A70B4
:104CF00003239843042814D104AB1D705F70231C58
:104D0000782C00D9782304AA93700498FEF738F918
:104D100001040202090EC0B2120EFEF7D3F92900F7
:104D200006E0092A04D00ED8022A20D0062AF6D19D
:104D30001D4B59709F70DC70039B002B01D005F058
:104D400095F907B0F0BD192AE9D101210026019B90
:104D5000193BDAB20B401749520801938B5C02935E
:104D6000154B1979B14204D8FEF790F9D7E7F478DA
:104D7000D5E70298704306F04FF9019AC3B2E81ADA
:104D8000C0B2002A01D1EB18D8B20B4B221C9B7881
:104D90009B19782C00D978223900D2B20136FEF75F
:104DA00045F9F6B2DCE7C046302E00202A2E00205E
:104DB000BBBA0010B6BA00100C09002010B5054BA4
:104DC0005878DA780A309978C0B20123FFF770FF7B
:104DD00010BDC046302E002010B5054B5878DA784B
:104DE0000A389978C0B20123FFF762FF10BDC046B0
:104DF000302E002010B507488378C2781133191C73
:104E0000FF2B00D9FF2101234078C9B2FFF750FFE3
:104E100010BDC046302E002010B507488378C278F8
:104E2000113B191C002B00DA002101234078C9B284
:104E3000FFF73EFF10BDC046302E002010B50748DA
:104E4000C37811331A1CFF2B00D9FF22817801236C
:104E50004078D2B2FFF72CFF10BDC046302E0020A4
:104E600010B50748C378113B1A1C002B00DA00224A
:104E7000817801234078D2B2FFF71AFF10BDC046F7
:104E8000302E00200022034B99785A7004320A43D6
:104E90009A7070472A2E002010B50124064A137814
:104EA000A3431370FFF7EEFF044B9A7814439C70F2
:104EB000FEF7ECF810BDC046302E00202A2E002050
:104EC00072B6D021BE22090652008B58002BFCD0AE
:104ED000BFF35F8F7047BFF35F8FD023BE221B06E7
:104EE00052009B5062B6704770B50600C43604008D
:104EF0003078002842D00638C3B20F2B34D80F28A0
:104F000032D8FBF79BFF3B3131082532313131314B
:104F1000313131313B3B2300CC339A7B18680E335F
:104F20005B781B021343984212D2E368198A06F099
:104F300053F80D1E0CD1FFF7C3FF2B002A002900E8
:104F40002000FEF783FFFFF7C6FF0A2333700BE054
:104F500014233370FFF7B4FF002320001A00190058
:104F6000FEF7F2FDFFF7B7FF70BD2300D0331B68DB
:104F7000002B01D0200098470023E7E701230C49CC
:104F80000C480D4D43508023EA6F1B011A43EA671A
:104F900002224250094AD16F0B43D36763681B68F2
:104FA000002B02D00621200098470623CEE7C046FA
:104FB000682000000000115004001050080010503C
:104FC00070B50500C4352B780400142B31D021D8DE
:104FD000062B06D002D8002B03D070BD093B022B54
:104FE000FBD801231A491B481B4E43508023F26F04
:104FF0001B011A43F26702224250184AD16F0B4339
:10500000D36763681B68002B02D0062120009847F5
:1050100006231AE0152BE0D10A3B2B70FFF750FF57
:10502000002320001A001900FEF710FFFFF753FFBE
:10503000D3E7C3689B695B68002BCED10300D033F4
:105040001B68002B00D0984700232B70C5E7C04693
:10505000682000000000115004001050080010509B
:1050600010B50C00FFF72CFF207D052807D8FBF7B3
:10507000E5FE0C060603130F0022A3691A60012344
:105080005B422000A361FFF7CBF8FFF724FF10BDC0
:10509000A2699368013393606268236813605A6061
:1050A000EDE70000D0231B061B68F7B52F4A9B00D5
:1050B000D3185D6801922E0010362C692C4FEB69D5
:1050C000B86AA268C11A8A4247D89B18EB61626825
:1050D0000093236813605A60002323602B699E426B
:1050E0000CD1D0231B061B6801999B00CB18012112
:1050F0005B68BA6B9B6A99408A43BA63FFF7EBFE21
:105100002000E36821699847FFF7DAFE6269002A08
:10511000D3D0B96A009B2869CF1ABA4210D2134B78
:105120000093DB689C46022362461343009AD360D7
:10513000864210D03A0021003000FEF7F7FFBCE7AE
:105140008642F8D1009B521AD3180A003000210081
:10515000FFF728F8F7BD0023F7E7A642FAD0191A9F
:105160008918E861A160FEF7F7FFF3E71814002043
:1051700000400540036870B50400002B01D10020F9
:1051800070BDFFF79DFE23681D685C68FFF7A3FEF6
:10519000002DF4D00A4BFA22986A9200001B0024DA
:1051A0000023210005F020FF0023064A8018594102
:1051B0000023054A05F000FFA8426441E0B2DFE7A2
:1051C000004005403F420F0040420F0070B50829E3
:1051D00001D9002070BD890044182368002BF8D045
:1051E000FFF76EFE23681D685C68FFF774FE002DF4
:1051F000EFD00B4BFA22986A9200001B0024002388
:10520000210005F0F1FE0023064A801859410023D1
:10521000054A05F0D1FEA8426441E0B2DAE7C04693
:10522000004005403F420F0040420F000B00113389
:105230009B00C318F7B55C6805000E00002C58D021
:10524000FFF73EFE230000228C331A702269636947
:105250009A4202D1E368002B2BD1B31C9B00EB18C0
:105260005B685B691B68002B23D0230090331F68A9
:10527000002F08D001A92000FEF7C3FBBB68010086
:10528000019A38689847E368E2690133E36063692B
:105290009B18A2696361934201D3636A63612068CA
:1052A000A04206D0036823605C6000238361FEF7A0
:1052B000C5FF200001A9FEF7A4FB019B021E12D12D
:1052C000B31C9B00EB185B681A68022A0FD15A695D
:1052D000116800290BD01A8A0B00013A13401142C1
:1052E00005D12A00D43231002800FEF7AFFDFFF7C8
:1052F000F2FDF7BD0B0021339B0070B51C58060072
:105300000D00002C2FD00235AD007619FFF7D8FD27
:1053100073689B695B68002B20D0230074331B7873
:10532000226F02339B00D3185B689B695A6823691C
:105330001A60E2680132E260E2699B18A2692361A7
:10534000934201D3636A23612068844206D00368D4
:1053500023605C6000238361FEF770FF2000FEF78E
:1053600014FCFFF7B8FD70BD70B50500FFF7A8FD90
:105370002A696B6900249A420BD1EB68A34208D0DA
:105380006B6F78352A78013494401B891C40634246
:105390005C41FFF7A0FD200070BD00001A4AF8B57F
:1053A0001A4B1268DB68D200D3400F22FA21134057
:1053B000174801335843890005F006FE154B596A1A
:1053C0000A009E6A596A9142FAD100241930FF30CE
:1053D00032000B000600270092197B410E4D2A6017
:1053E0006B60FFF76DFD0D4B9A6801329A60A24227
:1053F00006DC18680268536084611A60FEF71EFFBD
:10540000FFF769FDF8BDC046F408002000002050F9
:105410003075000000400540B0110020E808002071
:10542000030070B541183125FF208B4200D170BDBB
:1054300008241A78504046B24200D0B2002E01DA59
:105440006A40D0B2013C002CF5D10133EDE70000F9
:1054500010B51F2807D80A225043044BC01804F087
:10546000EBFF002010BD01204042FBE729020000B5
:1054700010B5104B9A78012A0FD10F4B1B787F2B58
:105480000BD9C108EF2807D80C4B5B180721014046
:105490008A4099789143997010BD00231900084AF9
:1054A0009478844200D191700133DBB20132062B33
:1054B000F6D1F1E7600C00208E2E0020A00E002017
:1054C000980E002070B5FFF78BF9074C074B226848
:1054D00000259A4205D006482360FEF779FA256038
:1054E00070BD256004F0D0FD58330020BAB0FECA6C
:1054F00020A107007047FEE770B5124C6268206873
:105500001100A3688B4219D8D11E00208B4203D30F
:1055100003339B1A9B0898001018E368C11E0022F1
:10552000994203D803331A1A920892000021FDF71A
:1055300027F8054B10349C42E0D170BD20C820C133
:10554000E0E7C04610B6001090B6001072B6D02149
:1055500009060B68054A9B00D3185B68986502230F
:105560005B424B6505331370FEE7C04618140020FC
:10557000D0231B061A680E4B92009B185B6810B56F
:105580001868D96802681A60536001220275D860F1
:1055900000238A680B750B691B689C689442FBD8D2
:1055A0005A680B604A6011605960FAF78FFE10BDAF
:1055B00018140020D02212061368F0B53B4F9B0050
:1055C000FB185B688BB0DB68039002934B1C68D0C0
:1055D000136804AC9B00FB185B68354D1A00103251
:1055E0000192029A18692261324A019EE260002209
:1055F0006261AA6A864221D10B0030002100FEF7C9
:10560000D1FD0398FFF7D6F8049B002B12D0D021D0
:1056100009060A689200BA1852681069A0421FD0A1
:105620006168A0680B605960996809189960012346
:105630005B429361029B98690BB0F0BDDB69D31AA2
:10564000CE18B34200D90E008368B34202D91000CD
:10565000FEF782FD320021000198FEF767FDD0E7DA
:1056600010000026103013612660586083420AD172
:105670000B68AA6B9B00FB185B68996A01238B403F
:105680009A43AA63D6E79968A06809189960A86A3E
:10569000D369C21A9142CDD9C918091AFEF75CFD27
:1056A000C8E70398FFF786F8C4E7C046181400203F
:1056B000004005406150001010B50400FFF700FCE9
:1056C00021000820FFF776FFFFF705FC10BD000062
:1056D000D0231B061A68074B92009B185B6810B515
:1056E0001A68DB6892689B689A4201D9FFF740FF0D
:1056F00010BDC04618140020F8B5EFF31083012543
:105700009D4303D0EFF30583FFF7DAFB184B194EE7
:1057100019489C6A01683368184AE41AA14208D9FA
:10572000174F1168E419174FDB193360164BC9186E
:10573000116016680460002D05D0EFF30583DB05CA
:1057400012D0FFF7C8FBFA220023200092000021AC
:1057500005F04AFC00230D4A8018594100230C4AE9
:1057600005F02AFC3018F8BDFFF7B2FFE9E7C046A4
:105770000040054038250020342500203025002039
:1057800080C20E00803DF1FF708541003F420F0056
:1057900040420F00094B10B55B785B070AD5084BF8
:1057A000C20011431970FDF76BF9FFF7A5FF054B18
:1057B000188010BDFDF764F9FBE7C0468E2E00206F
:1057C0003E2E0020402E002070B51D4A1D4B14783F
:1057D0001B781D4D1C432B78002B25D0FFF78CFF29
:1057E0001A4B1B88C01A1A4B80B2984201D9FDF798
:1057F000F7F9184B2D789B78012B1DD1164B1B7890
:105800007F2B19D91D23154A00211078002801D0BB
:105810000131C9B2013BDBB20132FF2BF5D10029C6
:1058200001D0FDF7DDF92C4320000D4B1A780D4B0C
:1058300090431B78184370BD05230B4AE4E7C0462C
:10584000392E00203D2E0020382E0020422E002030
:1058500087130000600C00208E2E0020A20E002076
:105860008D2700208C2700209A0E002070B51F4B3A
:105870009B78012B20D11E4B1B787F2B1CD9FFF767
:10588000A3FF1C4C1C4D6070202229002000FDF756
:105890009FF8002828D0202221002800FBF70CFBCD
:1058A000164B1B68002B1FD09B68002B1CD00622B8
:1058B00022702000984717E0FFF786FF104C114D2B
:1058C0002070082229002000FDF782F800280BD064
:1058D000082221002800FBF7EFFA084B1B68002B79
:1058E00002D05B68002BE4D170BDC046600C002084
:1058F0008E2E0020A00E00203E27002060270020D2
:10590000980E00206427002010B5041E28D0031F25
:10591000DBB2A02B25D81A4B9A78012A13D1194B48
:10592000197800237F290FD9174BC1085B18997884
:10593000072303409A400A420DD02000FFF798FD4C
:10594000FFF794FF07E00023104AD15CA142F4D096
:105950000133062BF9D12000FDF776FEFFF786FF15
:1059600010BD03002033DBB2072BF9D807231C40FE
:10597000063BA340064A11780B431370EEE7C0467E
:10598000600C00208E2E0020A00E00209A0E002019
:10599000392E00200300E03B10B50400072B02D98C
:1059A0000549002800D105492000FDF75AF8E0B26A
:1059B000FFF7AAFF10BDC046A15A0010795A001087
:1059C00010B5002807D0031FDBB2A02B04D8FFF7C7
:1059D0004FFDFFF74BFF10BD03002033DBB2072B59
:1059E000F9D807231840063B8340D8B2FDF7F0F8FA
:1059F000EFE7000070B504000D00FFF785FF012000
:105A0000002D0ED000230A4A2800002105F0ECFAF0
:105A10000023084A80185941FA220023920005F019
:105A2000CBFAFFF749FE2000FFF7CAFF70BDC04662
:105A300040420F00E703000070B500200324012559
:105A40000C4AD3789178994213D0D118013323406E
:105A50000979D3705378C90901335370002902D1F1
:105A60000A214B2001E00A214E20FFF7C3FF280046
:105A7000E6E770BD6826002010B5002805D0034B6E
:105A80001A7810431870FFF7F1FE10BD392E002070
:105A900010B5002803D0FDF79BF8FFF7E7FE10BD17
:105AA00010B5002805D0034B1A7810431870FFF783
:105AB000DDFE10BD3D2E002010B5002805D0034AA4
:105AC000137883431370FFF7D1FE10BD3D2E0020E5
:105AD00010B50024044B1C70FEF7E6F9034B1C7054
:105AE000FFF7C4FE10BDC046392E00203D2E002019
:105AF00010B5040002698169FDF78EFD074BE1785E
:105B00001A788A431A702079FDF762F8FFF7AEFE23
:105B1000062200212000FCF733FD10BD3D2E0020A1
:105B2000427910B50400930713D402231343437141
:105B30000D4BC27819780A431A700C4B0279197808
:105B40000A431A70FFF792FE2000E268A169FDF790
:105B500063FD0022064B1A806379DB0702D4200024
:105B6000FFF7C6FF10BDC0463D2E0020392E002095
:105B7000242E0020F0B50500012685B02B681F7883
:105B80005A1C2A60002F47D0012F50D15C789A1CF4
:105B90002A60012C0CD19878033350212B603928CE
:105BA00000D00021FFF726FF0120FFF785FDE5E784
:105BB000022C05D1987803332B60FFF7A5FEF3E79D
:105BC000032C05D1987803332B60FFF7F9FEEBE740
:105BD000042C1CD10A21002004228C46424F9C78C0
:105BE00003332B60395D114218D100281DD00023EA
:105BF0003E4AC11705F0F8F900233D4A8018594183
:105C0000FA220023920005F0D7F9FFF755FD012095
:105C1000FFF752FD002CB1D105B0F0BD61464843FD
:105C2000303C20181C780133DBE70120EDE7072426
:105C3000304BFA08DB5D3C4001932F4B9B5C2341CA
:105C40001900314002912D498F5C2D4927418A5C12
:105C500037400392334232D1002F21D04027294AC6
:105C600013783B431370FFF701FE0120FFF724FD7B
:105C700000210198FFF7BEFE0120FFF71DFD38004F
:105C8000FCF7A6FFFFF7F2FD0120FFF715FD029BD1
:105C9000002B0CD00220FCF79BFFFFF7E7FD03E091
:105CA00039000198FFF7A6FE0120FFF705FD039BD1
:105CB0002341334200D161E700212C2072E7022307
:105CC000104A11780B431370FFF7D0FD0120FFF746
:105CD000F3FC002FC2D101983900FFF78BFE0120A1
:105CE000FFF7EAFCD6E7C04615B2001040420F00AD
:105CF000E70300006CB500105CB500104CB5001057
:105D00004CB50010392E002010B5074A1378184200
:105D100009D0834300201370834202D0FFF7ECFCCC
:105D200080B2024B188010BD382E0020422E002079
:105D3000064B10B51B78002B02D0FFF7DDFC10BD21
:105D4000FFF7DAFC024B1B681818F8E7342700202D
:105D500030270020054B10B51B78002B03D0FFF730
:105D6000CBFC80B210BDFFF7E3FFFAE73427002039
:105D70000A4B10B519780B2209488908FCF76EFB0D
:105D8000084C002801D101236370FFF7E3FF064BA5
:105D900018800423A2781343A37010BD302E002076
:105DA000FB0800202A2E00206226002010B5194C86
:105DB0002378DB0729D50123002804D02933984212
:105DC00001D815330340032022789B00024013437F
:105DD00023700123104A907803439370002901D067
:105DE00004F044F921780B220C488908FCF736FBB3
:105DF00000280BD0FFF746F80122094BDA70E27851
:105E00000023A1786078FEF753FF10BDFFF7B0FFC5
:105E1000F2E7C046302E00202A2E0020FB0800208A
:105E200062260020054B10B51878800801302A281A
:105E300000D901200121FFF7B9FF10BD302E00204D
:105E4000064B10B5187880080138C0B2002800D180
:105E50002A300121FFF7AAFF10BDC046302E0020D6
:105E6000F0B50F2487B01F0002ABE4181600012321
:105E700000220391009311002300FEF7FFF8051E96
:105E800029D033680293FFF737FC029B2478C01AAD
:105E9000632805D80D990C98FFF7C2FA84421AD0EE
:105EA00000220D9B11009BB2009303983B00FEF76C
:105EB000E5F80D9907000C98FFF7B2FA241A63422F
:105EC0005C4125003D403C4202D0FFF715FC3060AC
:105ED000280007B0F0BD38000D9A0C99FAF7ECFFD6
:105EE000F6E70000F0B504260D4B85B000930D00D9
:105EF000002001210B4A019603ABFFF7B1FF0A4FC7
:105F0000041E04D03200380003A9FAF7D5FF04229A
:105F100039002800FAF7D0FF200005B0F0BDC046D8
:105F200001270020F8260020F42600200823F0B5E1
:105F300085B00193184B042100930320174A02AB4C
:105F4000FFF78EFF041E24D0154D164F6A7A3B785A
:105F50009A421ED000266B7B2A7B9A4215D0EA1803
:105F6000907B0322013313406B73EB7AC109400627
:105F70000133400EEB72FDF7EDFA061EEBD1052062
:105F800004F068FD3040C4B201E0002EF7D16B7A16
:105F90003B70200005B0F0BD0A270020EC26002051
:105FA00000270020E9260020F0B585B00F68050025
:105FB0000C0016000393FFF79FFBC01B632801D85A
:105FC000002E0CD00A9B28009AB20023039900935C
:105FD000FEF754F8002803D0FFF78EFB2060012065
:105FE00005B0F0BD13B5042207490400FCF7F0FC2E
:105FF000431E98410423C2B20093044923000220A7
:10600000FFF7D2FF16BDC04605270020F02600206E
:1060100030B587B002AC08220D492000FAF74CFFDA
:106020000C4D0422290004A8FAF746FFA27A0720A3
:10603000531E9A41102308490093D2B22300FFF760
:10604000B3FF002801D00023AB7007B030BDC046BD
:10605000302E00202A2E0020E026002030B50E4DE4
:1060600085B02C68FFF748FB001B012463280FD97B
:10607000FFF75EFE00230230039004220620009307
:1060800003A9FDF7FBFF041E02D0FFF735FB2860D4
:10609000200005B030BDC046E426002070B50B4D91
:1060A00004002E68FFF728FBFA23801B5B00984250
:1060B00007D22868064A1060064A1360064B1C8007
:1060C00070BDFFF719FB3223F4E7C0469C2A00207D
:1060D000502600204C260020982A0020F0B5037995
:1060E0008BB00290002B00D112E20121FEF73CF9A7
:1060F000029B04005B79002B1FD0594B1B88002B9F
:106100001BD0984219D0E0221D00D9B2154013428D
:1061100001D000F087FFC43A4A430421514B98183C
:106120004679D45231434171FFF7FAFC4E4B0121BD
:1061300002981D70FEF718F90400029B5F79002F8A
:1061400000D199E0494BE3189BB27F2B00D9BCE109
:10615000E5B20F2D00D9CCE14548FEF777F9041ED2
:1061600000D0C6E1002D24D1002320000893FEF7C3
:106170006DF908AF651C3870002800D1B9E101281D
:1061800068D1A31C28000393FEF760F9061E7870FF
:1061900000D1AEE1431E022B18D80398FEF756F942
:1061A000B870002803D009A80997FFF7E3FCE51CA5
:1061B0002AE0304B9C4200D19BE12000FEF746F9DB
:1061C00001340028F5D1013DEDB2CBE7431F022B8E
:1061D00022D80398FEF73AF9E51CB870002813D0CE
:1061E0002800FEF733F9F87000280CD0FF237888D8
:1061F0001B02984201D9000280B2062E06D0072E5B
:1062000007D001F07BF9251D2C00ADE701F028F93E
:10621000F9E701F045F9F6E7A51C0428F4D12800B8
:10622000FEF714F90600E01C251DFEF70FF9002EFD
:1062300000D15EE1002800D15BE1431EFF20FA247B
:106240005843013E8619A400013EDDD32000FFF72C
:1062500033FAF9E709A80997FFF78CFCD4E7C046A1
:10626000242E0020A42A00203D2E00200089FFFFBC
:10627000560B0000570B0000AE23AD4EDB019C42D5
:1062800000D247E10133FF339C4200D300E1A94B28
:10629000A94DE01887B22900C0B2FFF7D9F800284D
:1062A00012D11C237B43A548C3189B78012B00D037
:1062B000DDE02B88002B07D06B88002B04D0AB8847
:1062C000EA88134300D1D9E0029B5F793378002B31
:1062D00000D164E12300E03B9BB20693984A994BBE
:1062E00012781B781343984A127813430593069B40
:1062F000072B00D9FCE16B461421072259560123D4
:10630000224093400A005BB29A43D2B20592002F1A
:1063100002D00B43DBB20593029B1888FCF7ECFB21
:10632000012383400793894B894E1B680493002304
:106330000393059B002B03D1B378002B00D0F0E131
:10634000F378079A1A4200D1EBE10722337A13421D
:1063500000D0DAE1069B934200D906E2002F00D07C
:10636000DAE13588AC4200D1DBE1049BB34200D1D5
:10637000D7E17369002B03D01B78002B00D1D0E14B
:1063800030000599FDF72AF9002800D1C9E1AC4297
:1063900001D1002F08D1002D00D1EEE16D4B1B88FB
:1063A000AB4200D0BDE10027002003F059FF0122DD
:1063B000664B03991E60684B654E1A7018234B4359
:1063C000F118664A49791170002F09D1002D07D0C4
:1063D0009B5BD8B2043BA02B00D9D0E1FFF748F873
:1063E0001823039A5343F618F823F5885B016A1EB5
:1063F000FF3A9A4201D25A4B1D400026594A6B1E61
:106400009BB29A427641524B039A0493182353430A
:10641000049AF6B2D318DA68002A03D00120196969
:106420009047064001235F40002E00D1BEE1039A51
:1064300017335343049AD318F822D8885201411EC7
:10644000FF390023914202D2FCF7E4FA0300464AE6
:106450001370069B072B00D994E12800FFF71EFE5E
:10646000FFF704FA002F59D1FFF700FA41E0022BA1
:1064700000D029E7AB88002B00D125E71C2301229F
:106480007B43C018437993434371FFF749FB1BE7F4
:106490003378002B00D1C6E12E4B1A88A24204D1DA
:1064A0001F80324B1F60324B1F80284B1B68002B14
:1064B00000D16FE01B88A34200D06BE00022264B86
:1064C0001A70002003F0CCFE64E02A4A184B944274
:1064D0000DD0294A944205D0284A944256D11A78C0
:1064E000002A04D00020187003F0BAFE01E0012257
:1064F0001A70234B1B785B070AD0029B5B79002B39
:1065000006D0204B5B785B0702D50220FCF740FBEE
:106510000BB0F0BD3378002B00D0DBE6029B5B793B
:10652000002B00D02AE2184B9C426ED172E1C0468B
:10653000640C002000A9FFFF82270020A42A00206D
:10654000392E00203A2E0020382E0020942A0020D8
:1065500090270020A02A0020902A00208D270020CC
:10656000FFE0FFFF3E7E00008C2700209C2A0020D9
:10657000982A00205E7C00005F7C00005D7C0000AB
:106580003E2E00208E2E0020167C00001F78002F4B
:1065900000D09FE6C14BE318FF2B00D943E1E02375
:1065A00027001F401C42A4D11C25E3B25D43BC4B15
:1065B0000122ED18029B5E796B7931009343114003
:1065C0000B436B71002E00D109E1FFF795F8B54B35
:1065D000B54A1880AB7812780133AB70B34B280002
:1065E0001B78A9691343EB70B14BAA681B782B7118
:1065F000FDF712F86B799B0700D42700AD4B1F8085
:10660000029B5B79002B00D081E1AB4B9C4200D117
:10661000A7E0AA4B02209C4200D1A3E0A84BE318BC
:106620009BB21F2B00D806E3029A029B12885B796B
:1066300008AD2A800898002B00D129E3FDF76CFEF5
:10664000040001000898FCF72FFA2A8809AB1A8089
:1066500020000999FDF73EFEFCF79CFB0022029BFF
:10666000041C9F795E79974B3F0903931B78049232
:106670005B072AD00496964227D023041B0E1900EC
:106680000F32914340290FD0C1B20A0000202032BE
:10669000D2B20490072A18D91F229343202B03D18A
:1066A000012912D9874210D00022874B04925B78CF
:1066B0005B070AD50220FCF76BFA0722039B1B78C5
:1066C00013405A425341DBB204932304180F0B28A2
:1066D00000D937E3FAF7C6FBE002E0021503150321
:1066E0003603360336033603A4032004330433048D
:1066F000002F00D1D0E6754B1C80FEF7FDFF002275
:10670000734B1860734B1A8006E6069A072A2FD837
:10671000002F03D09B0704D5358826E65B0700D5FC
:106720001FE6039B183601330393202B00D000E6AD
:10673000049B002B00D12DE7069B072B3DD8059924
:106740000498FCF74BFF002833D0029B5B79002BA9
:1067500000D0FDE0604B9C425CD0574B9C4200D087
:106760005CE70120FCF796F95FE2002FD4D1D8E76F
:10677000002FD6D0DB07D4D5CEE72F0014E6FFF7E5
:106780001FF92DE6EEB2043DA02D06D83000FCF72F
:106790005BFF002F00D0FDE666E6FFF767F84F4885
:1067A000FEF78AFF3000FFF7AFF8F2E7FFF75EF879
:1067B000EFE7012003F054FDB0E6049B1B88A342E1
:1067C00009D1002F00D179E6049B039A1B7A13426A
:1067D00000D0DFE675E6002F00D1DBE6F4E7280005
:1067E0006A69A969FCF718FF6B799B0700D489E0F7
:1067F0002800FFF77DF92F4B1A88A24200D081E0D4
:106800001E80029B5B79002B00D09EE0324B9C42A5
:1068100000D0FEE6324B35201B78002B00D10C381F
:10682000FEF726FE20E6029B5D792E4BE018062837
:1068300000D973E6FAF702FB1319040D1F252B008C
:1068400026230093BB331A002749280003F0ACFC31
:106850004FE627230093BE331A002449F5E7262389
:10686000E02200932249BB33EFE72723E422009381
:106870002049BE33E9E72623E22200931E49BB33B9
:10688000E3E72723E62200931C49BE33DDE72823F4
:10689000E52200931A49273BD7E7C04600A9FFFF2E
:1068A000A42A0020262E0020392E00203D2E002074
:1068B000382E0020242E0020777C0000787C0000F9
:1068C00020ADFFFF3E2E00208E2E0020A02A0020AB
:1068D0009C2A0020982A0020167C00001027000027
:1068E000292E0020E883FFFF1A7C00001B7C00009B
:1068F000187C0000197C00001C7C00001D7C00003E
:106900001E7C0000029B5B79002B00D122E7002255
:10691000A94B1A70A94BE3189BB2222B36D922221D
:10692000A74B1B781340A74AA0180A2800D957E1A3
:10693000FAF798FAF6000F01140119011E0123015C
:1069400028012D01320137013C019B4B1E70E1E70C
:106950000022994B1A709C4B9C42E0D15522984BD7
:106960001B7893431900481E8141984A35201170C5
:10697000002B00D10C38FCF767FE75E500228E4B2A
:106980001A708E4BE3189BB2222BE4D80420FDF73B
:106990007FFD8F4D8F4B2880E018212812D8FAF701
:1069A0004DFA46AE4F20235226555E2FA632613552
:1069B000648D3867953E6D7329582C5B4270809FBB
:1069C000A41C4AB601232A7813432B70042029887B
:1069D000FDF76AFDFFF77CF88BE508236A7813431F
:1069E0002CE002232A78EFE704232A78ECE7082337
:1069F0002A78E9E701236A78F1E702236A78EEE76B
:106A000010232A78E0E720232A78DDE740232A783C
:106A1000DAE7FFF75DF880232A785B42D4E70C239E
:106A20002A789A43D0E703236A789A43D7E701226A
:106A30002B789343C9E708226B7893436B70C5E7C3
:106A400002222B78F5E704222B78F2E708222B7834
:106A5000EFE701226B78F0E702226B78EDE7102276
:106A60002B78E6E720222B78E3E740222B78E0E73B
:106A7000FFF72EF87F222B781340A6E70C222B7805
:106A8000D7E703226B78D8E7012204202B78590737
:106A9000C90F8A43910083430B430821D2008B43E3
:106AA00092E7012108006B78DA07D20F90430222A7
:106AB0008B430343410093430B43BFE701222B78F1
:106AC0005906C90F8A4392014021E8E7FFF700F811
:106AD00001222B78D9094A407F21D2010B4073E76C
:106AE00001210E20FDF750FF70E70021F9E7012298
:106AF0002B78D906C90F8A4312011021CFE7012153
:106B000008002B78DA07D20F90430200C7E7012272
:106B10006B781907C90F8A430821D2008B435EE7BF
:106B200001242D4B187820420CD0A043187003F09C
:106B30009DFAFEF7A7F9294A937823439370FCF74F
:106B4000A5FAD6E42043187021008008FFF72EF93B
:106B5000CFE4002B04D0FFF773F9CAE4002BFAD07E
:106B6000FFF760F9C5E4002B04D0FEF735F9C0E467
:106B7000002BFAD0FEF722F9BBE4002B04D0FEF77D
:106B80004BF9B6E4002BFAD0FEF734F9B1E4002B50
:106B900004D0FEF765F9ACE4002BFAD0FEF74EF90D
:106BA000A7E4002B04D0FDF77FF8A2E4002BFAD075
:106BB000FDF786F89DE4C046282E00200090FFFFD8
:106BC000392E0020E087FFFF167C0000292E0020D0
:106BD0008E2E0020FF8FFFFF302E00202A2E002057
:106BE000BA4B9C421ED0BA4B02209C421BD0B94BE0
:106BF000E3189BB21F2B00D816E5B74B9C4243D03D
:106C000025D8B64B9C4238D0B54B9C422FD0033B85
:106C10009C4200D008E5FEF75BFFB248FEF74CFD52
:106C2000FDF7C4FD0120FBF72BFF03220221012009
:106C3000FBF786FF5DE41F23234001249C40E4B260
:106C400021000320FDF7A0FEA74B1C7051E4A74BC9
:106C50009C421BD0A64B9C4200D0E5E4A54B587843
:106C600001234007C00F5840FDF72EFCDCE403F081
:106C7000F3FB0020A049FDF717FCFEF729FF994818
:106C8000FEF71AFDFCF71CFD0120EDE70020EBE705
:106C9000FBF732FF0400D8E4250523042D0F1B0E5B
:106CA0000F2B00D92D01E4B2002E13D0002D0DD0F2
:106CB00023002033DBB2072B02D9904A002C00D1ED
:106CC0008F4A13782B431370FEF7D0FD2000FEF798
:106CD0001BFE37E02000FEF773FE002D32D02300AC
:106CE0002033DBB2072B01D9002C03D12800FBF79E
:106CF0006FFF03E0814A1378AB431370FEF7B6FDD4
:106D000020E00F22230425051B0E2D0F9343202B7B
:106D100000D02D01E4B2002C06D0012C69D0002E49
:106D200072D0002F2CD0D1E7724B5B785B0723D455
:106D3000002E05D0002D05D0714A13782B43DCE7D7
:106D4000002DD3D1049B002B00D193E0039B187836
:106D5000012302001A40184200D08BE0029BC008B9
:106D60005A71FBF78DFE0298FFF7B8F9039B18786C
:106D7000C008FBF78FFE7DE0002E25D0002F03D149
:106D80002800FEF779FEDDE7012F0CD15D4C23785A
:106D90002B409D42D6D0FEF7AFFC5B4B188023788A
:106DA0002B432370CEE7052FCCD12800FEF764FEDD
:106DB0002800FEF7A9FF554A137819002B432940F4
:106DC0008D42BFD01370BDE7002F0BD12800FEF716
:106DD0005FFE2800FEF798FF4C4A13782B42B1D093
:106DE000AB43EFE7012FADD1454B1B782B42A9D028
:106DF000ECE7002E02D0052FA4D8C1E7042FA1D8BC
:106E00002800FEF745FE9DE7002FF9D00120392C20
:106E100000D13F48FEF750FC2000FEF7D1FD91E77E
:106E200023049B019B0F2BD1002E21D12206520F50
:106E300092002307D2B21B0F93401020D9B2030057
:106E40002340204203D00F239340DB43DBB22405D1
:106E50002548A40F022C32D0032C34D0012C03D0AF
:106E6000194303780B4002E002780A43134303708E
:106E7000FCF7D8FB00210298FDF776FAFFF748FBF4
:106E8000A3059B0FDAB2002E16D0DB07F0D5220641
:106E9000520F92002307D2B21B0F93401020D9B299
:106EA00003002340204203D00F239340DB43DBB297
:106EB00024051848A40FCDE7012AD9D9E7E70278BD
:106EC0000B435340D3E70B43D1E7C046777C000028
:106ED000787C000020ADFFFF5A7C0000017C0000A0
:106EE000037C000090D003003B2E00205B7C000060
:106EF0005C7C00008E2E0020FFFF00003D2E002055
:106F0000392E0020382E0020422E00203A2E00205C
:106F1000803801003C2E0020E5B22405240F002E0D
:106F200006D02000FBF7ACFD2800FEF7A5FD9FE78B
:106F30002800FEF7ADFD2000FBF7ACFD98E7E5B2B9
:106F40002800F038042856D8F9F778FF0329141BD5
:106F50002500002E0AD0042F8AD80123E404E40E71
:106F6000A340334A11784B40137081E7052F00D9B5
:106F70007EE7F2E7E004C00E002EDDD1FBF780FDD6
:106F800076E72B4A002E04D00123E404E40EA3404C
:106F9000EAE716706CE7274B5B785B0704D4E004E4
:106FA000C00E002EC8D0E9E7002E16D00722039BA2
:106FB0001B781340042B07D10023039A13701E4A39
:106FC0001380E004C00EB7E7042F00D950E7032177
:106FD000E004C00EFEF7DEFB4AE7042F07D9039B4F
:106FE000E0041E70144B04211E80C00EF2E7012045
:106FF000FBF7CEFD3CE7002E08D0002F03D0280081
:10700000FEF782FC34E7E004C00EB7E7002FD8D0CB
:107010000120392D00D10948FEF74EFB2800FEF76C
:10702000CFFC25E70022042153798B435371FFDE07
:107030003C2E00208E2E0020402E002080380100A3
:10704000F8B51C4CA3790F2B2FD86379002B2CD0CB
:10705000194B1E78194B1B78B34226D0184BF500FC
:10706000ED182B79002B21D02A8823889A421DD134
:10707000697900291AD163886F882000FF1ABFB28E
:10708000FDF772F902F0DEFF87420FD20F211022C6
:10709000A37920000B401343A371AB790B401A4333
:1070A000AA71FFF71BF8FBF763FDF8BD0723013654
:1070B0001E40CFE7862E0020452E0020442E0020C3
:1070C000462E0020F0B504008BB00100062206A871
:1070D000F9F7F2FE2378894D049363786679039378
:1070E0006388277901932B79002B18D1002F14D0B6
:1070F000002E00D1FEE02000FDF760F9002800D14D
:10710000F8E0082221002800F9F7D6FE012F02D16D
:107110002888FDF743F9FFF793FF01254AE06B79D3
:10712000019A02936B88D31A9BB20593029B002BA2
:1071300000D1ACE000212800FDF716F902F082FF33
:10714000059B984200D883E0002FE6D0AB792988D0
:1071500022880F2B51D891420DD1002E47D10F22FA
:107160001340013213432800AB71FEF7B7FFAB7930
:10717000A37100251EE0002E39D132000399049836
:1071800003F07AF932000399049803F075F9051EAB
:10719000EFD10698FDF702F9C3B200040F21020FE8
:1071A000032A0AD8012A11D9000E014213D0A2796C
:1071B0000F2A10D828000BB0F0BD06320A40012A71
:1071C0000ED92000FEF78AFF029DF3E7000E014270
:1071D00001D0002BEED02033DBB2072BEAD9F0E749
:1071E000EF2BE7D90F33DBB2022BE3D9E9E7012319
:1071F000424A91790B439371BBE791420BD1002E28
:1072000009D1A3712000FEF769FF082221002800A0
:10721000F9F752FE81E72000FDF7D0F8002869D089
:10722000002E67D0354B9A791F2A0BD9198808A8E8
:107230000180019941801B798271037100234371A0
:10724000FEF74CFF082221002C48F9F735FE62E7D3
:10725000AB790F2B08D82800FEF740FF0822002149
:107260002800FBF78DF984E7002F00D155E7298826
:1072700022889142CFD1002ECDD12000A371FEF7FC
:107280002DFF082231002800FBF77AF945E7029923
:107290002800FDF769F802F0D5FE059B9842DDD97C
:1072A000002F00D139E7002E24D02A8823889A4263
:1072B00017D16B88019AD31A9BB2B32BA5D8AB799F
:1072C000DA07A2D40F2BA0D90F22A3719343F02B7E
:1072D00098D00F21A3791A09013212010B401343F0
:1072E0008FE72000FDF76AF80028ABD10123AA79C7
:1072F0001343AB712000FEF7F1FE0EE7862E00204F
:10730000F0B50B0A89B0DBB200900191002B02D0DE
:1073100000223D4B1A700E2300226B441A80009B02
:107320006A4602936B4604259B889381374B5B78B2
:107330002B4219D0FEF7E0F9354B364C1B88C01AAA
:1073400080B2A04206D9344B1B782B4202D10220D6
:10735000FBF71EFCFEF7D0F9304B1B88C01A80B239
:10736000A04201D9FBF73CFC6B461B7B002B07D0EE
:10737000012102A8FCF7F8FF012102A8FCF7F4FFA5
:1073800004AF082202A93800F9F796FD3800FFF78C
:1073900099FE234D061E234C09D10822390006A868
:1073A000F9F78AFD39792B782278002906D107264A
:1073B00020782B7883421BD109B0F0BD07215F1CD8
:1073C0000F40974209D1FEF783FB0822310016488F
:1073D0002E702670FBF7D4F8E9E71448DB0008228A
:1073E000C01806A9F9F768FD2F70FBF7C1FBDEE7AF
:1073F0000E4BC000C018FFF765FE0028DCD02378D4
:10740000013333402370D3E73D2E00208E2E002021
:10741000402E0020871300003E2E0020422E002028
:10742000442E0020452E0020862E0020462E0020CF
:1074300073B5FEF761F9094D84B22B88A3420CD0D5
:107440006B4600261E80FEF757F96B469E805880DB
:1074500000980199FFF754FF2C8073BD3C27002052
:107460000D4B07B5188080239B01984202D2FEF78E
:1074700091FA07BD6A46094B1380FEF73DF90123D7
:107480006A46034353800223FF3393800098019997
:10749000FFF736FFEDE7C04636270020F0F0FFFF8C
:1074A000124B13B51880802304009B0198420ED222
:1074B000C0B2FEF785FA2300E03B072B02D90C4946
:1074C000002C00D10B492000FBF7CBFA13BD6A4614
:1074D000094B1380FEF710F901236A461843938085
:1074E000508000980199FFF70BFFEFE73627002047
:1074F000B95A0010915A0010F0F0FFFF10B50400C7
:10750000FFF7AEFF0120FEF7D7F82000FFF7C8FF16
:1075100010BD000070B50D4C0500C8B22100FDF78C
:1075200097FF002811D12488002C0ED0AB78032BB4
:1075300009D12000FFF7E2FF2000FFF7DFFF200066
:10754000FFF7DCFF01E0032BF9D870BD8227002094
:1075500070B5254C06000D00C8B22100FDF778FF7C
:1075600000283AD1B278214BEDB2012A0DD17279BF
:10757000500733D4D20731D502225A5560880028EB
:1075800010D12088002828D00CE0022A23D1042022
:107590007279024217D1D20707D403225A55A08824
:1075A000002812D0FFF75CFF17E05855E08800284C
:1075B000F8D12088002814D0FFF7A0FF60880028A9
:1075C000F0D12088EEE705225A552088002804D003
:1075D000FFF794FFF5E706225A5570BD01225A5570
:1075E000CFE76088CEE7C04682270020B91100208F
:1075F000F8B5184C07000D00C8B22100FDF728FFB0
:10760000061E25D10120FEF757F8134BEDB2585D49
:10761000BE7001385E5504281AD8F9F70FFC16031E
:10762000090B1600608800280FD0FFF739FF0FE024
:10763000A088F8E7E0880028F7D123886088002B2D
:1076400004D00028F1D11800EFE720880028ECD101
:10765000F8BDC04682270020B9110020D0231B06A8
:107660001A68034B92009B185B68D8687047C04645
:107670001814002070B5FDF723FC444CA368013BAF
:10768000A360002B0EDBFDF726FC414B03CB414BE7
:107690005A6A9142FCD891424DD19A6A82424AD2AA
:1076A0005A6AF8E7FFF7DAFF6368046043608461B1
:1076B0003949186060600520FDF77CFF0500FDF783
:1076C0000AFC0135E1D10120344B354E1A6853686C
:1076D000D9688143D96010683249D26842508159D3
:1076E0000D0015401142FAD1C022D968D2050A43D3
:1076F000DA602D4B2D491A68182353435B188021FB
:1077000049010B43802109061960196001230432E5
:107710009340274A1360FDF7D3FBA56002256D4215
:107720002368A3422AD1FDF7D3FFFDF7D4FB8C20B9
:107730004000FCF74DF900221E491F4C0B78487899
:107740001B060004034388789500000203430132BE
:1077500063510331362AF1D1104B184819684B6830
:1077600089681C609A60164AC902126802400A437E
:10777000DA600122D9680A43DA6070BD6068436844
:1077800063601C60FCF75AFD8561C9E7E8080020CA
:10779000B011002000400540F0D20000AC110020E4
:1077A0004404000044240000F4080020D0002050CD
:1077B00000202050041100202C100020FF87FFFF24
:1077C000A8110020F8B50E000400283EA4191500E9
:1077D0001F00FDF775FB2300D020069A243BE360D1
:1077E0005A611E4A1F611A62000602681C4B920011
:1077F0009A18022657680022A682A5606562E26197
:1078000001682761B1405B185B682262D9689C46B9
:10781000A2619F420CD0036D334202D001235B4230
:1078200043652000FCF7FCFCFDF755FB2000F8BD8C
:1078300088688542F5D90B690A751B689A68904279
:10784000FBD35A680B604A601160596001232375AD
:1078500063462000DC60F8F739FDE5E7ED02001033
:107860001814002010B50400FDF72AFBFFF7F6FE00
:1078700084610F20FCF79EFF10BD70B50C00050061
:10788000FFF7ECFE002C06D0286021008561032064
:10789000FDF790FE70BD01204042FBE70300006849
:1078A00010B5002804D000221A608161FCF7C6FCE4
:1078B00010BD0000F7B50600C43633780400002B75
:1078C00001D0002333702300D43318000822BF49AD
:1078D0000093F9F7F1FA63689B68002B20D1009BB5
:1078E0001A78602315001D401A423FD00123B84981
:1078F000B848B94D43508023EA6F1B011A43EA6729
:1079000002224250B54AD16F0B43D36763681B68AC
:10791000002B02D006212000984706233370F7BDC4
:10792000200098470028DAD023002700DA331A789D
:107930005B78CC371B0213433A689A4200D93B600C
:10794000009B3D681B787F2B00D888E1002D00D17B
:1079500078E109233370FDF7B3FA22000021C83221
:107960003B6812682000FCF771FA75E123007F2163
:10797000D5331B780A401B021343994A934200D126
:1079800040E12AD88022520093425ED00FD8012BCA
:1079900053D0022B00D1D1E0002BA7D1220021002F
:1079A000C832DC311160022151609360BCE7812252
:1079B0005200934200D1E4E0FF32FF32934200D004
:1079C00094E72300D6331B78012B00D08EE72200EA
:1079D000DC32118801330B4342E0802212019342D2
:1079E0004CD022D8A022D200934240D07D4A9B188E
:1079F000012B00D97AE72300D8331A785B7821006D
:107A00001B02134322006068D632D73147681278D0
:107A100020000978B847002800D167E723004268B2
:107A2000C8331A6002685A601FE090221201934224
:107A30002BD06D4A934200D058E76C4A2300C833DC
:107A40001A6002225A60002216E02300D6331B7807
:107A5000012B00D04AE722000221DC3213888B433D
:107A600013802300C8331D605D609D605CE72300C8
:107A70005F4AC8331D605D609A6055E723002200AD
:107A8000C833DF321A600122CDE72378042B3ED1C0
:107A9000FDF716FAA368574A25001340A360230098
:107AA0004C33103501932F68002F0FD078690028D0
:107AB00004D002210C304942FFF7F0FEB8690028DB
:107AC00004D002210C304942FFF7E8FE0023019A5E
:107AD00008C59542E7D13D49DA0052189168013353
:107AE000490049089160D16849004908D1600F2BCD
:107AF000F1D1FDF7F0F9230000220321DF331A70E2
:107B0000636821701B68934201D0200098472300CE
:107B1000D6331B78002B0BD02200DF3213700423E6
:107B2000237063681B68002B02D002212000984755
:107B300022000023C8321360536036E72300D83395
:107B40001A780F238021134052B20901DB00002A6A
:107B50000EDA1E4A20489A181B18DB6F0B4201D020
:107B6000254A6BE71368002B00DBBFE6234A65E775
:107B7000164A1A489A181B18DB6F0B42F0D153684B
:107B8000F1E72300D6331A78002A00D0AEE69878C1
:107B90000F2103000B400842CAD0991C89006118CC
:107BA00040B24968164DDB00002807DA0A481B1866
:107BB000D86F2840D8674B691A75B9E707481B1872
:107BC000D86F2840D8678B699A74B1E700001050CD
:107BD00068200000000011500400105008001050F0
:107BE0000203000000FAFFFF020C00000CB60010B8
:107BF000213A0010010001000AB6001008B600107A
:107C0000FFF7FFFF2300D6331B78002B00D06DE673
:107C10002300D8331A780F2113000B400A4287D073
:107C2000802152B20901DB00002A05DA154A9B18AF
:107C3000DA6F0A43DA677BE7134A9B18DA6F11435E
:107C4000D96775E714233370FDF73AF92B002A0042
:107C500000212000FBF778FFFDF73DF95FE6002DDE
:107C600008D015233370FDF72BF92200C8323B688A
:107C70001268EDE70B233370FDF722F92B002A0081
:107C800029006FE60400105008001050F8B5FDF709
:107C900017F91D4C2378012B14D000221B4B1C49D3
:107CA0001A602032CA67C0211A4B49005A508531E8
:107CB000FF315A58184802405A50C1230121174A2F
:107CC0009B01D15000250123022665602370764276
:107CD000E768002F0DD07869002803D031000C3000
:107CE000FFF7DCFDB869002803D031000C30FFF746
:107CF000D5FD00230135E3600434102DE8D1FDF7F4
:107D0000E7FCFDF7E8F8F8BD5C2500209000115075
:107D100004E100E000E100E0FF00FFFF000011507F
:107D200010B5EFF30983203383F30988FDF7D3F807
:107D300010BD000010B50F3018D0FDF7C1F8EFF3FB
:107D40000983203B83F3098880225204DA61D02220
:107D500012061168074A8900521852681168D268E1
:107D600089689268914202D9034A9A6110BD034A18
:107D7000FBE7C04618140020FF02001002030010A9
:107D8000D0230C2270461B0610B51A650B3A196DEC
:107D9000114203D140BFFFF7CDFF10BD996DF6E74B
:107DA000D0230C22704601211B0610B51A651A6DEE
:107DB0000A4203D140BFFFF7BDFF10BD9A6D0232EA
:107DC000F5D172B61A68034B92009B185B68024AA1
:107DD0009A65FEE71814002001B40010BFF35F8F0E
:107DE000D023BE221B0652009B507047036910B57A
:107DF0001960C268013AC260C2699B188269036156
:107E0000934201D3436A036100238362036B002B17
:107E100000D0984710BD00000322F0B5FF26C02512
:107E20000240D2009640890191400A4F83089B008E
:107E3000DB19AD005C591F22B4430C435C51012394
:107E400002409340C02240098000C0195200835074
:107E50000360F0BD00E100E0F0B5ADB0FCF7C0FCA0
:107E60000220FBF7A5FB80200003FBF7A1FB80208D
:107E70000024C002FBF79CFB0123EF490C604C601F
:107E8000DA008A18013314600D2BF9D12020FBF79A
:107E90008FFB802001254000FBF78AFBE74E78220C
:107EA0000021E7483570FAF76BFBE64B74605C60C5
:107EB0001C609C60DC600623B460E2363480D0260F
:107EC000E14AE24FD3620933546014601461546193
:107ED0009461D46194635363DD4BDE4AFC603D7072
:107EE000360635681A60DC4A7C605A60BC60AB00BC
:107EF000DA4CFB185C60DA4BA562E362D94BEA000E
:107F00009918D0584968FFF787FF0C233365002D77
:107F100000D027E2C321C020D34A8900535800066D
:107F20001B021B0A0343535080231B021360CF4BD9
:107F300000262361636101235B42A361C24BA660FB
:107F4000E661996A33000A00226263628033A363A8
:107F50006365C74BC74AC849E360C84B11601A0044
:107F6000C7490832D1671A00883216601A00C5491D
:107F7000943211600125D022A665E664266524604E
:107F8000646024640634E5871206126802249200B5
:107F9000BA1851681A00A03215601A00AC32148069
:107FA0001A00A83211601A00BC3215601A00B648D7
:107FB000B832B43316601E60FCF740F93C70FCF731
:107FC0008AFFB24BB24ADD70B24B1A60FCF7ACFDCF
:107FD0008022B1495200B148F8F76EFF8022B04FBD
:107FE000300039001201FAF7BBFFB04200D1C9E1FD
:107FF000AC4CAD4DBB5D0195634000931B020993F2
:1080000000230098019912220893002302F0ECFF4C
:10801000009B6A01DB0E1A43009B03925B010293F3
:10802000029C039D24184D41009A019BA4185D41B8
:10803000009B019A5B0ED2011A43009B0592DB0163
:108040000493049A059BA4185D41009B019A1B0EA2
:1080500012021A43009B07921B020693069A079B83
:10806000A4185D41089A099BA4185D41802301363C
:108070005B019E42BED10422300010A9FAF770FFC6
:10808000109BA34202D1119BAB4201D0FCF74CFDE7
:10809000864D0DAC012221002800FAF761FF00286F
:1080A00000D1C2E12388002B00D1BDE10AAA1383CD
:1080B000DAB2AC1C9109012900D1BFE178480090E7
:1080C000022900D1BFE1002900D160E18023020034
:1080D0005B01D450FCF75AFD002800D154E1FBF7B6
:1080E00021FAFCF71DFA102200217148FAF748FA2C
:1080F000002301276F4A704D1370704A704E137041
:1081000000932B0094245433EB646B4B316802933F
:10811000009BE86F5C43029B04311B1972682D6061
:108120006D602F72D8600B0000244343D318AB61FD
:10813000644B6A612A61E96128626A622B63AC62FE
:10814000EC626D63FCF7BCFE2B0078331B786A6F22
:1081500011339B00D3185D603473FCF7BCFE009BA9
:108160009435013300939436032BCAD1564D574BA7
:10817000EA6FA86F0432110041432B652B1DDB6FA2
:10818000286259186B612B616B62514BA9612F7288
:10819000EA612B632D606D60EC60AC62EC626D6334
:1081A000FCF78EFE2B0074331B782A6F21339B0063
:1081B0009D5084352C70FCF78EFE8023454A464D39
:1081C0005B02AB50FFF762FD4448FDF775FAFCF720
:1081D00077FE1A4E424B4022210042487360FAF764
:1081E000CFF93778012F00D086E080203E4A400446
:1081F000136803431360FBF7DBF980222100D201EF
:108200002800FAF7BDF98022210052013748FAF719
:10821000B7F909236B670333AB67FBF7F7FC8023E0
:108220009B052F64324AEB64324B052000991A609B
:10823000FFF7F2FD60E0C046981300205C250020A7
:10824000A82500200014002000400540181400203C
:10825000101400206033002000000420C00C042013
:108260000CBC0010E8BB001000E100E0D00C0420C2
:10827000F00C0420A40C0420740C0420000C042036
:108280005B2F0010ED020010980C0420600C002001
:10829000452F00100809002098B00010302400205D
:1082A0002814002025232284E49CF2CB081000002F
:1082B0004725002058250020B00900205725002020
:1082C000300A0020753E00106C0B0020C00B00200F
:1082D000C13B00104C3000000000115050C30000A2
:1082E00018BC00106825002000C00040000010509D
:1082F00010D001009000115002233370FCF7EBFD09
:10830000802200245E4B5202EA505E48FDF7D4F909
:10831000FCF7D6FD5C4B9A6A5C4B1A605C4B1C60A8
:108320005C4B1C60FCF7D7FD5B4B1C60FCF7ABF8AB
:10833000FCF795F8A04201D1FCF7A4FB3224337876
:10834000042B00D1B2E0013C5448A4B2FDF7B4F9CB
:10835000002CF4D18023524A5B02AB50FFF796FC0D
:108360002500A4E0012D00D0E1E5C420FF224D4B03
:108370008000195891433F3A0A431A508022520212
:108380001A60D4E5FCF7D0FBFCF7CEFBA7E61A2178
:108390000AAB01222000C918FAF7E2FD00286CD0D0
:1083A0000AAB1E7EE0233204DB021A4019230AA91D
:1083B0005B1819785B78F6081B020B435BBA9BB21B
:1083C0001A4307233340049313000292049A2C1D8E
:1083D0009B1880225201934201D9009B79E6062323
:1083E0001E4207D00122200011A9FAF7B9FD00288A
:1083F00041D0AC1D760709D51E210AAB0122200011
:10840000C918FAF7ADFD002831D002341B21029BB8
:10841000049AF8180AABC918F8F74EFD8023250016
:108420009B019C4200D234E6012080235B01FD5079
:10843000002800D14EE6FCF713FC4DE63F211B0A55
:108440000A40BB54EAE7F820510280011B0A0140B0
:108450005B0019438023481C5B01984201D3009ABA
:1084600037E69306DB0F7B5400233B54D6E70E4BD5
:10847000802252012DE6009BFAE780235B01EEE7A4
:108480004C20000050C3000000400540382500206B
:108490003425002030250020302700201027000040
:1084A0004C30000000E100E0281400200125D02617
:1084B00080230522D24C36069B032570B362D14B34
:1084C00064201A60D04B3D329A65FBF781FA7368DD
:1084D000CE4E9B02DB0F637033705A4253411B2117
:1084E0005A42CB4B0A401A705970002D01D002F04D
:1084F000ADFA08220021C748FAF742F80123317883
:10850000C54A4B405B00137002223378C34BC44909
:108510001A7033783378C34A002B06D106201833FB
:108520000B60113B1360486053600B68581C0ED001
:108530000120D02598402D06A862BB4DD8004019D7
:1085400005254560B0489B001B184A2058601368F9
:10855000581C0ED00120D02598402D06A862B24D9F
:10856000D800401905254560A7489B001B184A20E4
:1085700058604B68591C0ED00121D020994000064C
:108580008162A948D9000918052048609E499B00CE
:108590005B184A21596053685A1C0ED00122D02121
:1085A0009A4009068A62A049DA00521805215160F2
:1085B000954A9B009B184A225A606420FBF708FAF0
:1085C00000210800FAF7E0FF012105000020FAF77A
:1085D000DBFF964F40000543002101203D70FAF774
:1085E000D3FF012105000800FAF7CEFF33784000E1
:1085F00005437D708E4D002B09D170228D4910A846
:10860000F8F75AFC7022280010A9F8F755FC3378C7
:10861000012604217340884A9B00DBB21370874A0D
:10862000CB1A1370D0231B06280000219C46002281
:108630009300C3585D1C0DD0350067469D40BD6258
:108640007F4FDD00ED1905272F607E4D9B005B19E4
:108650004A251D600132072AEAD101311C30042964
:10866000E5D1794E082200213000F9F789FF082270
:1086700000217648F9F784FF0020FBF709FF744BCF
:10868000744D984240D001F0E7FE00207049FBF79E
:108690000BFF00210220FCF777F90121032029704C
:1086A000FCF772F9A02104204901FBF7FDFEFBF75E
:1086B000E7FAFCF7E7F900210F20FCF705FA0021A3
:1086C0001320FCF701FA0220FBF7DAFD624B187069
:1086D0000420FBF7DDFE614B188001F0B3FF60481A
:1086E000FCF7EAFF01F0AEFF0123627853409B00E4
:1086F000DBB2F35C9B070CD501F0AEFE00205949BC
:10870000FBF7D2FEFCF752F8FBF7A9FE0028DAD1FE
:10871000B9E70320FBF7B4FD2870534D2B78002BED
:108720001DD1FBF7E9FE0323504A514E91780B43CC
:1087300093703378032B03D8FBF7A2FAFBF7DCFE28
:10874000FAF78CFCFCF79EFB01F0DAFA3078C307ED
:1087500003D500218008FDF729FB01232B70237826
:10876000002B05D102F060F9FCF7C6FF414B186001
:10877000414B424A1A600F240021414B414A1D7867
:10878000414E1378AB4200D18AE0F05C0133012105
:1087900023400528F6D8F8F747FB2CF51F28030BD4
:1087A00013700122394B1A70394B0232DA70E3E749
:1087B00013700023354A1370364A1370364A13700B
:1087C000FBF772FBFAF72EFF344B1B785A1E9341CE
:1087D0002F4A0133D370CFE71370304B1B78002B37
:1087E00000D101202A4BD870C6E713700122284B14
:1087F000DCE713700122264BDA709A70BCE7C046A2
:1088000034270020AC40014000C001409409002002
:108810000C090020682600207426002079260020FC
:108820001C0900201409002000400140752600208A
:108830002409002028B000104525002044250020F0
:108840000440014004C00140D02600203C25002007
:10885000E3FE00003B2E0020402600208E2E00204C
:1088600030750000FFFF0000462500202A2E002062
:10887000302E002054260020602700209809002078
:108880005825002057250020472500205925002085
:10889000600C0020392E00203D2E00203B260020B9
:1088A000002900D01370C24CC24D2378052B69D02B
:1088B00001F0C8FE0023C04AD05CE95C072B65D1FB
:1088C000884266D1FEF7B4FDBC4B02931B78002BA7
:1088D00037D0BB4C2388002B0FD0BA4E3768FCF73B
:1088E0000BFFB94DC01B2B68834206D82088FDF7CB
:1088F00051F80023238033602B60B44D2B88002B6C
:108900001FD0B34B1C88FCF7F7FE2D88041B0822F0
:1089100000210BA8F9F734FE2800A4B201F092FB65
:10892000A0420ED2E023EAB21D4201D000F0CDFDFC
:10893000C43B5343A748C01843795B0701D4FDF7F4
:10894000EFF8A54B1B78002B61D1029B1B78002B05
:108950005DD1A24B1C68FCF7CFFE9623001B9B0049
:10896000984254D9FAF7ACFE9D48FCF7A5FE01F0F9
:1089700069FE0023EA5C002A01D000F0A9FD013362
:10898000082BF7D12378052BEED091E701338842ED
:1089900092D00027894B02921B780893854BDB5DB0
:1089A0000093029B009A1B78934227D00024012554
:1089B000FAB20492009A5A400692069B2B4214D0B7
:1089C000089B002B11D0049B10AE73703470FCF721
:1089D00093FE01233371009B70802B405A1E9341FC
:1089E000737110981199FEF78BFC01346D00E4B29D
:1089F000EDB2072CE1D1029B009A1A70029B01375D
:108A000001330293082FC9D1FDF792F95CE7754B4A
:108A100000935B78002B41D0734A009B10781B7841
:108A20008008724EC01AC0B2B070022B00D092E023
:108A30006F4B704C1D5CF378002B05D00027F7704E
:108A4000FDF788F9B7803080FDF784F933886A4FE5
:108A5000C21A92B2BA4221D8684A1178002910D0BD
:108A60000021117066490A88801A80B2B84208D87D
:108A7000644812180A80009A917808220A430099E3
:108A80008A705B1933803000B788A047B388002B09
:108A900004D1002F02D00122584B1A705A4C23786F
:108AA000002B35D0FDF756F9584B1B88C01A524B96
:108AB00080B298422CD8009A01279078D178002271
:108AC000237814009C46524B1B781F4065460126B4
:108AD0001541354208D03400102594402843002F1A
:108AE00000D1C0E0A14334000132082AEED1002CAD
:108AF00005D00124474A1470009A9070D170444AFE
:108B0000013BDBB21370002B00D0B0E03E4A137083
:108B1000404B1A78002A0AD000221A70009B59781C
:108B2000914204D1304B18788008FDF73FF9029B41
:108B30001E78002E02D0FCF77FFF0600364B1A7815
:108B4000002A06D000221A70344B9A78DA701A780C
:108B50005A700025C5E0182B00D17DE010D80F2BEE
:108B600021D007D8062B15D0092B17D0FA252C4C6D
:108B7000ED0060E7152BF9D12A4B2B4C1D5C5AE711
:108B8000242B6CD0252B5FD0232BEFD18025274CB5
:108B9000ED0050E7264B274C1D5C4CE7264B400868
:108BA0001D5C264C47E7264B40081D5C254C42E7E0
:108BB0005C250020D02600204126002034270020FC
:108BC000982A0020502600204C260020242E002029
:108BD000262E0020A42A0020DD2600205426002076
:108BE000684200002A2E0020302E0020622600203D
:108BF00034BC001081310010FE7F00006026002090
:108C00005E260020307500005C2600205A260020D9
:108C1000582600205D260020E82600206826002037
:108C2000592F00102BBC00102D33001005310010FF
:108C300031BC0010A53100102EBC0010C131001055
:108C40002EBC001029320010032102F0C5F9BF4CE0
:108C5000C9B2655CBE4CEEE62825BE4CEBE6FA25B3
:108C6000BD4C6D00E7E62143C9B201243CE7FDF7A6
:108C700071F8BA4B18804BE700212800FAF784FC02
:108C8000012104002800FAF77FFC0321B44A4000C8
:108C9000535D0443E4B219408C4220D09B001C4336
:108CA000E4B254550F22AF4BAF4F1878AF4B14407E
:108CB0001C5D7B5D2818E41864B20021C0B2032C4F
:108CC00002DCE31C02DA0121FAF744FCA84B1C4049
:108CD00004D50423013C5B421C4301347C5501351F
:108CE000EDB2A44B1B78AB42C6D8029B1B78002B7D
:108CF00003D0FCF7A1FE0643F6B2002E01D0FDF72B
:108D000017F8FAF78FFC9C4B1A78824202D0187041
:108D1000FCF7F2FC994B1B78002B6BD0984F3C680A
:108D2000002C24D10094002501353E009437032DFA
:108D30005DD03C68002CF7D0FCF7C2F800216369D5
:108D4000206898470290FCF7C6F8301DFCF70CFB32
:108D5000002805D00021A36920689847002836D153
:108D6000029B5A1E9341009A1A430092DCE70023AB
:108D700001250093FCF7A4F8EBB20293E9B2636912
:108D800020689847431E9841009B03430093FCF7DB
:108D9000A2F87C48FCF7E8FA002814D0A369206800
:108DA000E9B2984700280ED0FCF78AF8764E206882
:108DB0003200E9B263689847FCF78DF800207349E8
:108DC000B26C01F07DFB0135092DD3D1ABE7FCF787
:108DD00077F86D4E20683200002163689847FCF7F1
:108DE0007AF86A49B26CE8B201F06AFBB8E7634B03
:108DF000009A1A70FCF764F8654D2B6F1B78042BF2
:108E000000D1E4E2FCF767F8B5E4132819D800288C
:108E10001AD00138122817D8F8F724F819001E00C4
:108E20003B004E0054005D0060008D00D100160034
:108E3000B601D600D900DD00EE00160119011B01B4
:108E40003901FE2800D12CE3FF23237030E00023FA
:108E500063700933A3702BE06378022B0CD0032BD3
:108E60000DD0012BF0D1FCF747FC030EA370030CCF
:108E7000E37040BAA0801BE0FBF705FBF5E7454B2C
:108E80001B68002B14D008221A2043490AABC018D3
:108E9000AEE16378022BD7D10AAA18339B18598800
:108EA0001A880904114309BA2820C9B2FBF76CFDDE
:108EB00010A8FAF79DFE9DE7E278A1786078FBF7AD
:108EC000EBF9D6E7A388E2785BBAA17860789BB229
:108ED000FBF769FDECE7FBF781FDE9E76078803897
:108EE0000328E5D8F7F7AAFF020A1E222B4BA27827
:108EF000997858780023FBF7DBFED9E70021A078AA
:108F0000FCF754FFA378002B02D1FBF7C5FFCFE796
:108F10000120224B00211A78104318708008FCF7BA
:108F200045FFC5E71D4BA2781A71C1E71B4BE178DD
:108F3000DA78A078DEE7607880380328B8D8174B55
:108F4000F7F77CFF022E3638DB7883E728BC001069
:108F5000F94500100D340010B13400105A260020DD
:108F600075260020742600207026002038BC0010D2
:108F700003000080792600207A260020C8260020E1
:108F8000400A0020B00900207C2600208426002012
:108F90006C0B0020D8260020D0260020302E002088
:108FA0001A78D107CB0F002900D153E7930851E776
:108FB0001B794FE75A78A2709B78E37078E7FAF74D
:108FC0004DF801F053F873E71023637070E70B233B
:108FD00063704C333EE719230AAA9B1858781A7815
:108FE000E178000210431C2900D961E740BA80B241
:108FF00011AAFBF70FFA5BE7D04B1B68002B00D1DF
:1090000056E7E7781C2F00D952E719230AAA9B18C4
:109010005D781A782D021543C94B6DBAADB2EE18C2
:10902000C84B5B1B0093009BF3189BB29F4200D878
:109030003EE7C54AEB18934203D830002179FBF78D
:10904000A3FC01360134EEE7FBF774FB30E70423A1
:10905000BBE7E6781C2E00D92AE71923E0270AAAE5
:109060009B185D781A782D0215436DBAADB276194A
:109070007F00B54200D11BE70020BD4203D228008B
:109080002930FBF7FDF8207101350134F1E7E6786E
:109090001C2E00D90CE719230AAA9B181A785D78B0
:1090A000E0232D0215436DBAADB25B009D4200D3A3
:1090B000FEE604965B1B9E4200D9F9E62B0029339D
:1090C00002939E4B1B68002B32D12A0001331A40B9
:1090D00000921D420DD028002830FBF7D1F8030282
:1090E00020791843F82300B2DB01984201D1FF2315
:1090F0002371AB19DB0713D511AB771EDC57DA19D7
:10910000029B06929819FBF7BBF8F823240204434C
:1091100024B2DB019C4202D1FF23069A1370BEB237
:10912000F823DB019C46FF2711AA009BB34206D31C
:109130002924E027644210AE641B7F001DE0009BE1
:109140000099D418515C0133D018D35C09020B4349
:109150001BB2634501D127700770009B02339BB29D
:109160000093E2E7EB18BB4203D231790298FBF798
:109170000BFC029B013601330293029B049A1B19DC
:109180009BB29A42EED893E66C4B1B68002B00D141
:109190008EE62000FAF72CFD6C48FCF78DFAFFF7FD
:1091A000B1FA0DAD082228006949F7F785FE1920AC
:1091B0000AAB1F220021C018F9F7E2F90623237039
:1091C00011AB06CD06C373E6C2235B0010936FE6B6
:1091D000C22361885B004901994200D368E60A0016
:1091E00020329A4200D91A0020005A4B521AC9184C
:1091F000F7F762FE5CE61D200AABC0181B22FF21B8
:10920000F9F7BEF94D4B67701B682370002363802C
:109210000133FF33A3804BE60123322233604E4BF0
:109220001A60FCF769FA4D4B188041E6434B4A4DF2
:109230000493002F1ED04A4B1B780093474B1F8886
:109240000293FCF759FAC01B80B2642819D9009B1D
:1092500001279B0715D5009B3B4212D0FCF74CFA27
:10926000029B18802B68013B2B60002B02D13360DE
:10927000049B1F60049B1B682370336863702B681A
:10928000E8E532232B60F5E700222C4B1A600FE64D
:109290002022FF212000F9F773F909E6A0780628BB
:1092A00000D905E6F7F7D4FD07001100200004FE01
:1092B00004FE6000760019200AABC0181F220021AE
:1092C000F9F75EF920232370C4E5E5780A2200212E
:1092D0000DA8F9F755F928000DA9FCF7B9F8207089
:1092E0000A2219200DA9D1E50DAD2A0011ABE678AF
:1092F00003CB03C21B8813802888FAF705F928805E
:109300006888FAF701F96880A888FAF7FDF8A8805C
:10931000E888FAF7F9F8E8801F2E0BD80A2256439E
:10932000104B2900F01800F0F3FF00232370FAF728
:10933000F9F8BDE501235B42F8E7C046D8260020D6
:10934000A904000057FBFFFF560B0000A086010098
:109350000EB4001048BC0010CC260020CA26002005
:10936000D0260020290200000A26E57832000021DC
:109370000DA8F9F705F91F2D09D87543614B320087
:10938000E8180DA901F058F800232370A8E701237D
:109390005B42FAE70DAE320011ABE57803CB03C2B6
:1093A0001B8813807088FAF7AFF870801F2D0BD8D8
:1093B0000A225543534B3100E81800F0A9FF00235F
:1093C0002370FBF7ADF873E501235B42F8E7FBF789
:1093D00082FDFBF775FD10AB00271C000093A96A06
:1093E000002942D1EB68002B32D06B69191D1B6834
:1093F000A962CA18EA622022D61B9E4200D91E002A
:1094000032000098F7F758FD009BEA6A9B19009319
:10941000AB6ABF199B19AB62934212D3EB68EA693E
:10942000013BEB606B699B18AA696B61934201D3A6
:109430006B6A6B610023AB622B6B002B01D02800A1
:109440009847FBF748FD1F2F14D8FBF739FDC6E7F7
:109450002B7A002B01D1FEF701F97B425F41843565
:10946000FBF739FD2F70FFF786F92023EE6ADB1B2F
:10947000761AC2E7002384352B70202F01D0FFF726
:109480007AF9214E20783768002F00D1BDE4FE28FC
:1094900000D00DE56378022B03D9053B022B00D9E0
:1094A00006E560780D2800D902E5F7F7D1FC7AFED1
:1094B0008DFE91FE01FD01FDA4FEB5FEBFFEEDFE99
:1094C000F1FE01FD01FD01FDF7FE00235B79FFDEEA
:1094D0002300DC331B889B0701D4FFF753FA237862
:1094E000052B0AD18023094A9B0211680B43802176
:1094F0001360074A074B4901D1500748FCF7DCF8D5
:10950000FFF740FA6903000038270020900011504F
:10951000000011504C200000400D0300A02270B547
:109520007646094BD205D458084DD450EB681C42FE
:1095300003D028009C43FAF78BFA1035002CF5D1A4
:109540003000FEF7F7FB70BD0C040000F0B800100F
:10955000A02270B57646094BD205D458084DD45098
:10956000EB681C4203D028009C43FAF771FA1035CF
:10957000002CF5D13000FEF7DDFB70BD1C040000AF
:10958000F0B80010012210B57446064B5A63FBF781
:1095900097FCFBF787FDFBF79EFC2000FEF7CAFB5C
:1095A00010BDC04600400540022210B57446064B6F
:1095B0005A63FBF785FCFBF775FDFBF78CFC20007D
:1095C000FEF7B8FB10BDC046004005400422074B23
:1095D00010B55A63064B74469B68002B01D00220DD
:1095E00098472000FEF7A6FB10BDC046004005408E
:1095F000001400200822074B10B55A63064B74462E
:10960000DB68002B01D0032098472000FEF792FB77
:1096100010BDC04600400540001400207346F0B560
:1096200087B00593A04B1B680193DB030ED5802206
:109630009E4B9F499202CA5001229E48C368996975
:109640008A7459690A755B6800219847019BDB049D
:1096500037D58022974C954B95491203CA5022006A
:10966000002702232500DC3223701760A760EB6817
:10967000002B14D0FBF724FCEE687069002804D09E
:1096800002210C304942FEF709F9B069002804D0E4
:1096900002210C304942FEF701F9FBF71CFC0026C1
:1096A0000137EE600435102FE1D12300C4331E7062
:1096B000FAF7ACFA63681B68B34202D031002000AD
:1096C0009847019B5B0431D51022784B7849794C3F
:1096D000CA502378052B29D02200E03213700523CD
:1096E000237063681B68002B02D004212000984778
:1096F00000250226A5607642E368002B12D0FBF716
:10970000DFFBE7687869002803D031000C30FEF7F2
:10971000C5F8B869002803D031000C30FEF7BEF858
:10972000FBF7D9FB01350434102DE5D1019B1B0457
:1097300006D580225D4B5E491201CA50FAF746FAFF
:10974000019B9B0316D55B4C6368DB68002B04D13F
:10975000594A5A4913680B4013602378052B01D1ED
:10976000FAF734FA6368DB68002B01D020009847D1
:109770004F4B9B6C019BDB0604D40598FEF7DAFA8D
:1097800007B0F0BD4A4B9B6D049300230393013354
:109790000293049B002BF0D0039B202BEDD0029B67
:1097A000049A134220D0464B414A0299D150039B60
:1097B0005D08404BAC1C0193019AA300D318012211
:1097C0005F68039B134232D17A6913695360126850
:1097D0009BB292B29A420FD029000198FAF7F2FA9E
:1097E000049B029A93430493029B5B000293039BA6
:1097F0000133DBB20393CCE70122AA40019B1B8912
:109800009343019A1381BB68002B02D029001000FA
:109810009847FBF755FB0021019BA4001C196368C6
:1098200058690C30FEF73AF8FBF755FBD8E7254AA4
:10983000EB009B181E68BC69B605B60D3200A06827
:109840006169F7F739FBA3689B19A36063689B19EB
:10985000636023689B1B2360238A013B9BB22382A6
:10986000002B02D07B8AB34219D90122AA40114CA5
:10987000AE1C638993436381B300E3185B68DB68C4
:10988000002B02D0290020009847B600A419FBF74E
:1098900017FB63689B69180059680C30C2E7290000
:1098A0000198FAF70BF99BE798001150503000002F
:1098B000000011505C25002090001150FFFFFDFFBB
:1098C00058300000840010501623036001204042ED
:1098D0007047002070471800704700207047000054
:1098E00070B50C000500FBF7EBFA0B4B1E685A68CD
:1098F0003419944206D9FBF7EEFA0C2301262B60AB
:10990000764206E0A642F6D81C60FBF7E4FA002E89
:10991000F3D0300070BDC0461014002010B5140004
:10992000582200212000F8F72BFE80239B01002005
:10993000636010BD0120704710B50148FBF706FEBB
:1099400017B4001010B50148FBF700FE1CB400105E
:10995000012070477047000070B5FBF7B1FAFDF7C2
:109960007DFE184E0500B468002C14D1036AB06067
:10997000F360066223E0A360237D002B10D0062B4A
:1099800015D123686268A069210013605A60FAF754
:1099900029F8A3699C68AB68A2689342EBD806E0FB
:1099A00062682368200013605A60FAF747FC3000B1
:1099B0002900FAF717F80620AE61FAF7FBFEFBF76D
:1099C0008AFA70BDD808002070B5FDF747FE040084
:1099D000FBF776FA114BDA681868226298421AD0BF
:1099E000616A002A0ED1A160026853601A60026A9F
:1099F00003629860DA60FAF721FCFBF769FEFBF777
:109A00006AFA70BD1568AA4203D0AD68A94200D2B7
:109A10002900D268E5E700238360F0E7D80800203A
:109A2000F8B5194B0D00C018434258418400FAF7AD
:109A30001BFC012319009C46A1402300134FE61C88
:109A40003A78114211D10A433A70BFF35F8F002177
:109A50000F4A116080F31088181B9C4201DD012021
:109A60004042F8BD61469940EBE701339E42F9D28E
:109A7000BFF35F8F0022064B1A6080F31088954277
:109A8000EDD00448FBF762FD0000D0AFCC0F002002
:109A90002C0100D021B40010F0B585B00C0001906D
:109AA000FAF7E2FB019B2B4A05259A1851425141D6
:109AB0000390294B655702918900C95801232779E2
:109AC0002020BB40C01B013B002D23DB854223DC53
:109AD0001800A84001421FD1280083401D000093B8
:109AE0000D400B4218D1BD4219D3029B1A4C9A006B
:109AF000009B0B431351BFF35F8F0022174B1A607B
:109B0000039B83F3108805B0F0BD1D0085402942FA
:109B1000E3D001380028F8DA1148FBF717FD667822
:109B2000227836021643A27812043243E6783606CB
:109B300016436A00925B944680229201944500D2BB
:109B4000844463464619019A1236B600B350013573
:109B5000C9E7C0460000D0AFC40F00202C0100D0E0
:109B600045B40010F0B51D0018234B43C61837004C
:109B700085B0DC3703923A68CC3301923200CC32A4
:109B80001268C3180292C02292011343802204007B
:109B9000920200911A60002D0CD11823009A5343B1
:109BA000E4182300019ADC331A60029BCC34236052
:109BB00005B0F0BD2800F7F75FF980234201DB0410
:109BC0001343039A3B60C24001231A40E0231B0267
:109BD00013433200D83213606B1E1D40DBE70000D8
:109BE000F0B585B00AAC257818244C430619370027
:109BF000CC36DC373F683668CC340396C02604196F
:109C0000B60134438026B602266000240297A5429E
:109C100000D01F34164DDC2625431824019525005D
:109C2000B4464D434519AC445701052B11D84C435C
:109C3000001902009B063B43DC32136003000199CC
:109C4000D8331960029BCC301360039B036005B0CE
:109C5000F0BDA02676053E4367463E602E00019F7C
:109C6000D83637601F260532053B3240DCE7C04658
:109C700080E0000070B501258D400468AC430460AD
:109C80001824002B2CD04C43041925001E68C8351D
:109C90002E605E686E609E68DB68AE60DC342360B8
:109CA00018234B431D008024D035451964012C43F3
:109CB00080252D06256025600125104C2E008C4046
:109CC00084600C1DA640802408318D401F21A40112
:109CD0000443C0180A40D83026602560026070BD79
:109CE0004C43041925008026C83576022E60F826DC
:109CF00076026E60C0263603AE60CFE70101010137
:109D0000F0B58024E40020008BB0F9F751FCD0239B
:109D100006221B065C62554B01215A65544B3D32AD
:109D2000DA625448FFF77CFE534B071E514E186011
:109D300000DA87E051493000FFF7AEFE012305004D
:109D400039000A2230000093FFF74AFF4C4BEA012A
:109D500009936B1D1B0313434A4A134007934A4B55
:109D600008934A4B5869F6F7FFFE4949F6F7ECFAB3
:109D70000390F6F7D1FA84B2002084420DD020007F
:109D8000F6F7F2FE011C0398F6F73CFD8721C905A2
:109D9000F6F7FAFBF6F7C0FAC0B22404000220433B
:109DA0002A003900069006AB3248FFF763FF012313
:109DB000BB40326813433360FBF782F8354B364CB7
:109DC0001A685B68039204931300049A1343059383
:109DD0000023E568059A05992A4001330D423ED1DA
:109DE0002C4E2E49DB009951F3185A60D0231B06E4
:109DF0001B68002B28D1039B002B03D103210B20D0
:109E0000FEF70AF8039B2B433360059B002B02D11E
:109E10000420F9F7CDFBFBF75EF8214BE2681C60EC
:109E2000D0231B061968236800291DD11D495A50EB
:109E30001D4ABB009B1862681C4953601E22FB032D
:109E400013430B600BB0F0BD049B002B03D1032127
:109E50000C20FDF7E1FF049B2B437360D5E7103422
:109E60000C2BB6D10024D6E71149E0E700400140B1
:109E700000C0014000002050F4080020B0B90010DC
:109E800000280020FFFFFF9F0000067070130020D5
:109E90008096984B98130020F0B800109D53001046
:109EA000AC1100200424000010002050A811002054
:109EB0001424000070B5022504006D42206884421D
:109EC00000D170BD036823605C608561FAF7B6F964
:109ED000F4E7036A10B5C360436A4361036100237A
:109EE0008362C362FFF7E6FF10BD0000080070B593
:109EF000052966D8F6F7A2FF3965033939660026C9
:109F0000FAF7DEFF384C2300220000257833606F1B
:109F100019783832FAF708F801362000FFF7D9FF30
:109F200025729434032EEED1304C314B314A1978DE
:109F3000206FF9F7F9FF636A200063612361E56030
:109F4000A562E562FFF7B6FF20002572F9F71DFE56
:109F5000FAF7C1FF284B1B78AB4202D0052000F076
:109F60000FF9022000F00CF92BE00025012600F08B
:109F700007F9FAF7A5FF1C4C20002672FFF79AFF9D
:109F80002000FFF7A6FF230090331B68002B02D0B0
:109F9000DA681868904701359434032DECD1012319
:109FA000124C20002372FFF785FF0023626A200015
:109FB000E36062612261A362E362FFF77BFFFAF76D
:109FC0008AFF70BDFAF77CFF074B002219009C3115
:109FD0000A70982149001A725A54044B1A72FAF7FF
:109FE0007AFF0520BEE7C046B00900206C0B0020B8
:109FF000E00B0020A40B002059250020F0B5104BE9
:10A0000085B01B7816000A2702900391092B00D90E
:10A01000093F012503990298B04700280ED1013568
:10A02000AF420BDB2B0004006B4301930A20F9F7CE
:10A03000CFFC019B01349C42F8D1EBE705B0F0BDA9
:10A04000DC2600201FB5084BC318FF2B09D801AC34
:10A050002100C0B2FBF7FCF9002802D1208904B02E
:10A0600010BDB420FBE7C04600A9FFFF10B5054CAA
:10A0700008202168FAF728FD61682320C9B2FAF7A1
:10A0800083FC10BD302E00201423188804331B8855
:10A09000034910B598470021030008009847C046BF
:10A0A00055420000F0B50F000500110085B01A0000
:10A0B0008B425ED80C240B0E02930B020193019885
:10A0C0000023029900F078FF6C432B4B0600E41844
:10A0D00063680391834200D260602B1FDBB2009360
:10A0E000C023009A9B012343012A18D8012F16D1BF
:10A0F00003221A60A3683B42FCD0E02322681A4086
:10A1000080235B0123431A60032122687A400A40BE
:10A110001A600123BB40A2681342FCD019E08022E0
:10A1200012011A60154BAA00D158002907D05869AE
:10A1300000F04AFF431C032058430338FDD2E023BC
:10A1400022681A4080235B0123431A60009A012A87
:10A15000DAD9802380229B01234312011A600198DF
:10A1600066603200039B029900F026FF034CAD00AD
:10A17000605105B0F0BDC046008000407013002063
:10A1800010B50F24054A11784B1C2340044C247849
:10A190009C4202D0034C1370605410BD582500201F
:10A1A0005725002047250020F0B585B01C000AABDC
:10A1B0001B78050001931600274B039100280DD052
:10A1C0001A70FBF799FA254B1880072301203340BA
:10A1D0009840C0B2FBF750FC05B0F0BD1B7802936D
:10A1E000934233D11D4B1F88FBF786FAC71B039898
:10A1F000BFB2FFF727FFB84228D9029BA3420BD179
:10A2000001982900FBF7F6FB072301201C40A04022
:10A21000C0B2FBF73DFCDFE7012607273000029BB9
:10A220003B409840C0B2FBF733FC23002033DBB245
:10A23000BB4206D830002740B840C0B2FBF71CFC38
:10A24000DEE729000198FBF7D5FBC5E707230120CE
:10A2500033409840DCE7C046282E00209E2E002088
:10A26000F8B5244E07003368002B3BD0002222496A
:10A270000A8022490A7022490A70F822DC885201B9
:10A28000611EFF39914201D21E4A1440E4B22500FA
:10A290006A1E9541DA68EDB2002A03D000201969E0
:10A2A00090470540002D06D0231FDBB2A02B1AD803
:10A2B0002000FBF7DDF8144C002F0ED033681A7A1B
:10A2C000D2060AD42278002A07D018880F4A431EE3
:10A2D0009BB2934201D8FBF7E1FEFBF7C7FA0023DC
:10A2E00033602370F8BDFBF7C1FA2000FBF768FB71
:10A2F000E1E7C046942A0020982A00208D270020FC
:10A300008C270020FFE0FFFF902A00203E7E000007
:10A310008023F0B51500821804000E0085B05B01A3
:10A320009A4214D8434F2A00C71939003000F8F771
:10A330004FFB00280BD02A0031003800F6F7BCFD97
:10A34000FAF7D6FB0190002825D1FAF7DFFB05B01C
:10A35000F0BD3378012D26D0E20724D48022D2012B
:10A3600094422FD270780002184301281BD8434230
:10A3700058411F23404298436038630A18436308DA
:10A38000DBB21B02C0B21843FAF77AFC012806D1EF
:10A39000023D02340236002DDBD1FAF761FC019B4D
:10A3A000012BD4D1D1E73F2C0CD8402020431B02F5
:10A3B000C0B21843FAF764FC0128F0D1013D013422
:10A3C0000136E8E72F00052D00D9052700220023DC
:10A3D000029203930732230C1340FA00134302AA9C
:10A3E0001370230A537013009470D81C3A00310084
:10A3F000F6F762FD02AB1888FAF742FC0128CED1CD
:10A4000002AB5888FAF73CFC0128C8D1012D0DD0C9
:10A4100002AB9888FAF734FC0128C0D1032D05D986
:10A4200002ABD888FAF72CFC0128B8D1ED1BE4194F
:10A43000F619B0E72814002003000800802110B5A9
:10A440009C1849018C4203D802495918F6F734FD8B
:10A4500010BDC0462814002010B5FAF749FB041EB1
:10A4600002D1FAF753FB10BDFAF780FBFAF75CFB59
:10A47000012CF8D1F5E70000F7B50E4C0E4B24780F
:10A480001B7801940D4C019DAB4201D10020FEBD13
:10A49000DE00A5196F788F4205D1365D864202D164
:10A4A0006D79954203D1072501332B40EBE701205D
:10A4B000EDE7C046442E0020452E0020462E002009
:10A4C000F0B587B0039201900491FAF7F9FC942358
:10A4D000019A594C5343E418636F1B78042B03D043
:10A4E000FAF7F9FC07B0F0BD23008C331B785A1E35
:10A4F0009341524A5B421340514A9446634402934B
:10A5000094270025FAF7E7FCFAF7DAFC019A049B96
:10A5100057430093484BDB190593059B9B6A002B1F
:10A520000AD1454EF619F368002B30D033691A1D55
:10A53000B262F2699B18F3623F4BDB19986ADE6ADC
:10A54000039B361A5B1B9E4200D91E00402E4BD93E
:10A5500040220099F6F7B0FC009B40354033009351
:10A56000354BDB199B6A4033334AD219D16A936267
:10A57000994204D8D16920000439FDF737FCFAF775
:10A58000AAFC039BAB421AD9FAF79AFCC5E7337AC7
:10A59000002B0FD1FDF762F8029B002B0AD06368F5
:10A5A000046043602649186060600420FBF702F8ED
:10A5B0000028B8DAFAF78FFC039BAB4221D8FAF7F0
:10A5C0007FFC942201991C4B4A439B189A6A002AEB
:10A5D00007D01B69043AD11A9A4202D02000FDF735
:10A5E00005FCFAF778FC7DE732000099F6F764FC89
:10A5F000009BAD199B1900930F4BDB199B6A9B19AC
:10A60000B2E7FAF75DFC9423019A0B4E5343F61818
:10A6100033006A4255418C331A78200015431D706F
:10A6200001233372FFF746FC2000FFF752FC0023A2
:10A630003372FBF74DF863E7B00900206079FEFF45
:10A64000A0860100F0B500278DB0B24D06970797A0
:10A65000D0231B062C000721012200209C4600234A
:10A6600026680193731C07D063465B68F34001269C
:10A670003340013B13400193019B013918435200C1
:10A68000C9B2C0B2D2B204340029E8D106ABD85561
:10A6900001371C35042FDBD19F4C0822200006A96E
:10A6A000F8F796F99D4B9E4D9E4E0193002854D08D
:10A6B000082206A92000F6F7FFFB01232B70FBF709
:10A6C0001BF8994B18603478019B984E1C1933780D
:10A6D000002B00D189E00023954D08932B78954EEF
:10A6E000092B5CD82000944A08A9FFF787FC0028B2
:10A6F00000D16DE02000914A08A9FFF77FFC0028F7
:10A7000066D020008E4A08A9FFF778FC00285FD0A9
:10A7100020008C4A08A9FFF771FC002858D02000BF
:10A72000894A08A9FFF76AFC002851D02000874A0F
:10A7300008A9FFF763FC00284AD000232B70844B44
:10A7400004221878019B08A91818F8F741F9012389
:10A750003370002833D10DB0F0BD337803932B78DC
:10A76000002BB0D0704B1B680293FAF7C5FF029B19
:10A77000C01A0428A7D9019A039B944663443A005F
:10A78000210018000293F8F723F9002804D03A00BA
:10A7900021000298F6F790FB00232B7093E76D4B96
:10A7A0001F88FAF7A9FFFA23C01B80B25B0098420A
:10A7B00098D23378002BCED0002308933370644BAB
:10A7C00004221878019B08A91818F6F775FBC2E750
:10A7D0002B78FF2B04D001332B70DBB2092BAED9C1
:10A7E000FAF78AFF5B4B1880E3E7594B1F78019B10
:10A7F000DF19FFF7B1F8584B21001C001800574D26
:10A800000422F6F759FB04212000FAF709FE2C0078
:10A8100028700A34FFF7D8F8FFF79EF80422691D64
:10A820003800F6F749FBFFF7CFF8FFF795F8082255
:10A8300020004B49F6F740FB08212000FAF7F0FD15
:10A840006872FFF7C1F8FFF787F8464B6C691A6822
:10A85000944208D01C603378002B04D1FAF74CFFE7
:10A86000414B241A1C60FFF7AFF81027FFF774F86C
:10A87000290008AE3A0030001831F6F71DFB00221F
:10A880002B7E9B0802936B7E0193AB7E0393EB7E42
:10A890000593AB1CDB7F0493EB1CDC7F0435ED7F61
:10A8A000DA77FFF791F8002C25D03C4201D02F4BEE
:10A8B000DD7001231C420AD032781A4224D02C4A7F
:10A8C000029811780B4300211370FBF76FFAA3076E
:10A8D00005D50023059A03990198FAF7E9F963076A
:10A8E00004D5049B002B12D0FBF742FA240702D5B3
:10A8F0000122204BDA70FFF72FF81F4A1F4B127806
:10A900001A70FFF761F826E7FAF7C6FADFE7FAF7F9
:10A91000B9FAEBE7240900203C250020D0260020CE
:10A920009C2E002045250020982E00203427002052
:10A93000DC260020962E0020E55E0010E55F00106A
:10A940002D5F00105D60001011600010E9400010E4
:10A9500044250020942E00200127002000270020FD
:10A9600068260020902E0020302700202A2E00206C
:10A97000302E00206226002028270020DD2600201F
:10A98000F7B50C266B46DC1D002301212000237047
:10A9900000F004FA002810D02378082B0DD8FEF719
:10A9A000DBFF0923257801216B402000237000F094
:10A9B00097F9002804D1FFF707F800F06FF9E1E7F5
:10A9C00033006B43164C195D002908D0154AE31873
:10A9D0005B881068C01800F0D9F90028EBD033006C
:10A9E0006B43E2189768002F08D0E05C0D4B1968A4
:10A9F000D3885288CB1889180200B8477543641968
:10AA00002179002902D1FEF7DFFFBBE7054BE28881
:10AA10001868801800F064F90028F4D1CBE7C0462C
:10AA2000F40B0020CCBD001007B500F0BDF90022EA
:10AA300096210092034B0448FF32C900FCF7C2FE86
:10AA400007BDC04681A90010A02E002010B500F05F
:10AA5000A5FA10BD73B5040000F020F96B46E0B212
:10AA60009D1D0024287008280BD8FEF775FF0121D2
:10AA700028002E7800F034F9A04204D10024FEF71B
:10AA8000A3FF200076BD6A46FF230121D01DD371AC
:10AA900000F07CF9041EF1D06B46DA79092329789D
:10AAA0004B409A42EAD10C2373430E4D595D002965
:10AAB0000DD10C237343ED1829790029DFD00A4BFF
:10AAC000EA881868801800F061F90400D7E7064AA0
:10AAD000EB185B881068C01800F002F90028E8D174
:10AAE000CCE7C046F40B0020CCBD001072B6D021DC
:10AAF000BE22090652008B58002BFCD0BFF35F8F9B
:10AB00007047BFF35F8FD023BE221B0652009B50BD
:10AB100062B6704770B50400081C0E1CF5F7FCFB0C
:10AB2000002385B29D420DD02800F6F71DF8011CC8
:10AB3000301CF5F767FE8721C905F5F725FDF5F708
:10AB4000EBFBC3B22D041B022B43236070BD00003E
:10AB5000F0B5002485B0029000910392009B9C42C6
:10AB600004D3E01A43425841C0B237E0FFF7BEFFBA
:10AB70001D4F01213D681D4E2A0008329140736827
:10AB80000191194214D1FFF7BCFFFFF7AFFF184B3B
:10AB9000AD00ED18029B7268019902930A421FD121
:10ABA000009A94421CD02A7801341A700133F2E7DB
:10ABB000FF2301221D40AA400E4B0F4803991A6043
:10ABC000FCF75BFE0028D3DAFF223B681340FE3A15
:10ABD0009A400A4B1A60FFF794FF002005B0F0BDC1
:10ABE000FFF78FFFBAE7C0466C0C00200000205032
:10ABF000230020502C212050543300202C31205091
:10AC00001F4B70B59D6B1F4B74461A6801231900CA
:10AC100091400D420BD0D2B293401B4A1360FFF714
:10AC200065FF00211948FCF739FEFFF76AFF102283
:10AC3000174B1B689A4015420ED001220433DBB239
:10AC40009A401300104A1360FFF750FF002111488B
:10AC5000FCF724FEFFF755FF01220F4B196B114241
:10AC600009D01A63FFF742FF032108484942FCF765
:10AC700015FEFFF746FF2000FDF75CF870BDC046EB
:10AC8000FC0020506C0C00202C312050543300204C
:10AC9000680C0020503300200000205010B5FFF752
:10ACA00025FF0C4B01211A680B4C13000833994007
:10ACB00018235343094A9B188022520113438022D0
:10ACC00012066068014202D0FFF71BFF10BD1A6038
:10ACD0001A60F6E76C0C002000002050D0002050D5
:10ACE000F0B5002585B001900291029BAB4204D8DB
:10ACF000581B43425841C0B22FE0FFF7F7FE1D4FEB
:10AD000001213C681C4E220010329140736803916F
:10AD100019420CD1FFF7F5FEFFF7E8FE0434A4005A
:10AD20007368039A13421AD0FFF7EBFEDDE70122A6
:10AD30000434E4B2A240114B114812491A60FCF7E6
:10AD40009CFD0028DBDA01223B680433DBB29A4029
:10AD50000D4B1A60FFF7D5FE002005B0F0BD019B3A
:10AD600001351B783351019B01330193029BAB42A8
:10AD7000D6D1D9E7680C0020000020502C212050AB
:10AD800050330020204E00002C31205010B5024AD4
:10AD9000FFF7DEFE10BDC046204E0000012210B5B8
:10ADA0005242FFF7D5FE10BD6C4B6D491A68F0B5E5
:10ADB0000A401A6080228DB0D20099681142FCD0FE
:10ADC000684C01212000FEF72BFE674D286000280B
:10ADD00000DAC1E065492000FEF75EFE802301260F
:10ADE0005B0107001A0020002968FEF7BBFE0096F1
:10ADF00033000C2220002968FEF7F2FED0238021C8
:10AE000006201B064901596253235949802248668E
:10AE10005849F8204B6300230B93C0235202400291
:10AE200008A91B0308920990102204A80A93F6F7B8
:10AE300043F8FB1CFA011B0313434F4A0520134040
:10AE40008022D205134305934C4B07934C4B06933A
:10AE5000F9F794FDF5F788FE4A49F5F775FA011CF4
:10AE600004A8FFF757FE3A00370004A90B002000A2
:10AE70002968FEF7FFFE2B6822689F403B001343C2
:10AE8000310020002360FEF7CBFD3F4F38600028E3
:10AE900062DB3E492000FEF7FFFD002300930D22F8
:10AEA0003300396803902000FEF79AFE8023D022F9
:10AEB0009B011206936206204A232D4A2D49D06633
:10AEC0008B6300238022F8200B93C02352024002A0
:10AED00008A91B0308920990102204A80A93F5F709
:10AEE000EBFFD023DB020793039B039A0833D201C5
:10AEF0001B031343264A05201340D0221205134397
:10AF00000593244B0693F9F739FDF5F72DFE1D49FE
:10AF1000F5F71AFA011C04A8FFF7FCFD2000039ABC
:10AF2000396804ABFEF7A6FE32003B6821689A4000
:10AF30000A4322603200DBB29A401300164A002115
:10AF400013602B6807200433DBB29E4080235B0034
:10AF500016601360FCF760FF0DB0F0BD00C000404C
:10AF6000FFFBFFFF00002050680C0020E8BD001030
:10AF70000040014000C00140FFFFFF9F0C30104027
:10AF800000000C400000E1496C0C0020D0BD001016
:10AF9000FFFFFFE000000C802C21205010B5FFF7D0
:10AFA00003FF10BD0000000001B40248844601BC4C
:10AFB000604700BF5502002001B40248844601BC2E
:10AFC000604700BFE502002001B40248844601BC8E
:10AFD000604700BF9502002001B40248844601BCCE
:10AFE000604700BF9502002001B40248844601BCBE
:10AFF000604700BFBD06002001B40248844601BC82
:10B00000604700BFE900002001B40248844601BC4B
:10B01000604700BFAD01002001B40248844601BC76
:08B02000604700BF550200204B
:10B028000800000009000000030000000200000002
:10B03800010000001B000000190000000B000000C8
:10B048000E00000004000000000000001C000000CA
:10B058001A000000170000000F0000001200000096
:10B06800050000001D00000014000000160000008C
:10B07800FFFFFFFFFFFFFFFFFFFFFFFFFFFFFFFFD8
:10B08800100000001100000013000000FFFFFFFF88
:10B0980000B5324B21205860986802218843986097
:10B0A800D860186158612E4B0021996004215961BC
:10B0B8000121F02299502B4919600121996035200E
:10B0C80000F044F80222904214D00621196600F0DC
:10B0D80034F8196E01211966002018661A6600F006
:10B0E8002CF8196E196E196E052000F02FF8012141
:10B0F8000842F9D1002199601B4919600021596063
:10B108001A491B48016001219960EB211966A021A9
:10B11800196600F012F80021996016491448016078
:10B128000121996001BC002800D00047124813494A
:10B13800086003C880F30888084703B5996A0420A3
:10B148000142FBD001200142F8D103BD02B51866C7
:10B158001866FFF7F2FF186E186E02BD0000024075
:10B16800000000180000070000035F002122000013
:10B17800F4000018222000A00001001008ED00E0F3
:10B18800000000000000000000000000070B8FD541
:10B1980016050010460400105E0400107C04001020
:10B1A8005E040010C00400105E0400107C0400104F
:10B1B8004604001046040010C00400107C0400106F
:10B1C800660400106604001066040010CA0400102B
:10B1D80046040010460400105E04001054050010D8
:10B1E8005E040010C00400105E0400105405001036
:10B1F8004604001046040010C00400105405001056
:10B208006604001066040010660400100020202068
:10B2180020202020202028282828282020202020FE
:10B2280020202020202020202020202020881010CE
:10B23800101010101010101010101010100404042A
:10B2480004040404040404101010101010104141E8
:10B2580041414141010101010101010101010101D6
:10B2680001010101010101011010101010104242EA
:10B2780042424242020202020202020202020202A6
:10B288000202020202020202101010102000000046
:10B2980000000000000000000000000000000000A6
:10B2A8000000000000000000000000000000000096
:10B2B8000000000000000000000000000000000086
:10B2C8000000000000000000000000000000000076
:10B2D8000000000000000000000000000000000066
:10B2E8000000000000000000000000000000000056
:10B2F8000000000000000000000000000000000046
:10B308000000000000000000000000000000000035
:10B3180014070020BE180010C4170010C41700102E
:10B32800C4170010C4170010C4170010C417001069
:10B33800C4170010C4170010C4170010C417001059
:10B3480022180010D8170010C4170010C4170010D6
:10B35800C4170010C4170010D8170010C417001025
:10B36800C4170010C4170010C41700103E170010AF
:10B37800FE17001054180010C4170010C41700104E
:10B3880036180010C4170010FE170010C41700105C
:10B39800C4170010D81800100000000000000000BA
:10B3A8000000000000000000000000000000000095
:10B3B8000000000000000000000000000000000085
:10B3C8000000000000000000000000000000000075
:10B3D8000000000000000000000000000000000065
:10B3E8000000000000000000000000000000000055
:10B3F8000000000000000000C872656D6F746520D1
:10B4080070616E6963003B6BA0298056EDD10065C1
:10B41800786974006B696C6C004E6F2050494F203E
:10B428007374617465206D616368696E657320610A
:10B43800726520617661696C61626C65004E6F208F
:10B4480070726F6772616D207370616365000501CA
:10B458000906A1018506050719E029E71500250158
:10B468009508750181020507190029EF15002501C6
:10B4780095F07501810205081901290595057501E1
:10B488009102950175039101C00660FF0961A10150
:10B498000962150026FF00952075088102096315C9
:10B4A8000026FF00952075089102C005010906A134
:10B4B80001050719E029E71500250195087501819F
:10B4C800029501750881010507190029FF15002655
:10B4D800FF00950675088100050819012905150062
:10B4E8002501950575019102950175039101C01C0F
:10B4F800037600690061006C003A0066003600348B
:10B50800006300320062003300630000001203434E
:10B51800006F0072006E00650020007600340000A5
:10B5280000100366006F006F007300740061006E06
:10B538000000000403090400216342A2251642B555
:10B54800001442AA000000000000000000000000F3
:10B5580000000000000000007E0F00D4FFFFFFC7BE
:10B568000000007800000000000000002A2B2800DE
:10B57800000000000000000000000000000000299A
:10B58800000000002C1E3420212224342627252EDA
:10B59800362D3738271E1F20212223242526333312
:10B5A800362E37381F0405060708090A0B0C0D0E3E
:10B5B8000F101112131415161718191A1B1C1D2F0A
:10B5C8003130232D350405060708090A0B0C0D0E2A
:10B5D8000F101112131415161718191A1B1C1D2FEA
:10B5E8003130354C00000000B5780010E94E0010ED
:10B5F800C14F0010400040007C0C00209C0C002033
:10B60800000001000000000030CB0010583300207B
:10B61800583300205833002030CB001000000000C1
:10B62800000000000000000030CB00100000000007
:10B63800000000000000000030CB001000000000F7
:10B64800000000000000000030CB0010000C0420B7
:10B65800000C0420200D042030CB0010001C042016
:10B66800001C0420001C042030CB00100000000047
:10B67800000000000000000030CB0010001F042074
:10B68800001F0420001F042001020009025B0003C0
:10B698000100A0FA090400000103010100092111B9
:10B6A8000100012244000705810308000109040183
:10B6B80000020300000009211101000122220007F5
:10B6C8000582032000010705030320000109040285
:10B6D800000103000000092111010001223B0007BD
:10B6E80005840320000112010002000000405346B7
:10B6F800040000040102030144223B00B3B400101B
:10B7080091B4001056B40010A5B60010BEB60010D3
:10B71800DEB600100410121C3BB5001029B500104D
:10B7280015B50010F7B400102B0014001A0008001B
:10B73800150017000000E0000400160007000900CB
:10B748000A000000E1001D001B00060019000500AA
:10B758000000000000000000E300777C2C000000DF
:10B768002A00130012000C0018001C00000034000E
:10B7780033000F000E000D000B00000029003800F8
:10B788003700360010001100000000000000000023
:10B79800E600787C280000002B001E001F00200017
:10B7A800210022000000E00000000000000000006E
:10B7B80000000000E10000000000000000000000A0
:10B7C8000000000000000000E30001002C00000061
:10B7D8002A0027002600250024002300000000007E
:10B7E80000004F005200510050000000000000000F
:10B7F8000000000000000000000000000000000041
:10B80800E6000100280000002B001E021F02200293
:10B81800210222020000E0000000000000000000F9
:10B8280000000000E100000000000000000000002F
:10B838000000000000000000E30001002C000000F0
:10B848002A002702260225022402230200003500CE
:10B85800310030002F002E002D000000350231028B
:10B8680030022F022E022D0200000000000000000E
:10B87800E600010028000000007C00000000000035
:10B888000000000000002078237825782778000041
:10B89800000000002178247826782878000000002D
:10B8A8000000000000000000E30001002C00000080
:10B8B8000000000000000000000000000000000080
:10B8C8000000000000000000000000000000000070
:10B8D8000000000000000000000000000000000060
:10B8E800E6000100280000000000005000000050A1
:10B8F800000000000100000000000050400000505F
:10B90800010000000200000000000050800000500C
:10B91800020000000400000000000050C0000050B9
:10B928000300000008000000000000500001005063
:10B93800040000001000000000000050400100500A
:10B9480005000000200000000000005080010050A9
:10B95800060000004000000000000050C001005038
:10B9680007000000800000000000005000020050A6
:10B9780008000000000100000000005040020050D4
:10B988000900000000020000000000508002005082
:10B998000A0000000004000000000050C00200502F
:10B9A8000B0000000008000040B5001006FF22232D
:10B9B800252628292A2C2D2F3032333536383A3B84
:10B9C8003D3E4042434547494A4C4E5051535557D6
:10B9D800595A5C5E6062646668696B6D6F717375F5
:10B9E80077797B7D7F81838587898A8C8E909294F5
:10B9F80096989A9C9E9FA1A3A5A7A8AAACAEAFB102
:10BA0800B3B4B6B8B9BBBCBEBFC1C2C3C5C6C7C94B
:10BA1800CACBCCCDCED0D1D2D2D3D4D5D6D7D7D805
:10BA2800D9D9DADADBDBDBDCDCDCDCDCDDDDDDDD57
:10BA3800DCDCDCDCDCDBDBDBDADAD9D9D8D7D7D65F
:10BA4800D5D4D3D2D2D1D0CECDCCCBCAC9C7C6C516
:10BA5800C3C2C1BFBEBCBBB9B8B6B4B3B1AFAEAC5C
:10BA6800AAA8A7A5A3A19F9E9C9A98969492908E07
:10BA78008C8A89878583817F7D7B79777573716FE0
:10BA88006D6B6968666462605E5C5A5957555351BC
:10BA9800504E4C4A4947454342403E3D3B3A383672
:10BAA800353332302F2D2C2A292826252322FFAA88
:10BAB8007F5540000102020202060606090909092B
:10BAC80009090F0F0F0F0F0F151515181919191947
:10BAD80019191919191923242525252525250001A2
:10BAE8000101010101010101020202020202020236
:10BAF8000203030303030303030404040404040408
:10BB080005050505050606060606070707070708CB
:10BB1800080808090909090A0A0A0B0B0B0C0C0C7E
:10BB28000D0D0D0E0E0E0F0F0F1010111111121218
:10BB380013131414151516161717181819191A1A95
:10BB48001B1B1C1D1D1E1E1F2020212222232424F6
:10BB5800252626272829292A2B2C2D2D2E2F303132
:10BB68003232333435363738393A3B3C3D3E3F4044
:10BB78004142434445464748494A4C4D4E4F50512F
:10BB88005354555658595A5B5D5E5F6162646566E9
:10BB980068696B6C6D6F7072737577787A7B7D7E70
:10BBA8008082838587888A8C8E8F91939596989AC0
:10BBB8009C9EA0A2A3A5A7A9ABADAFB1B3B5B7BAD8
:10BBC800BCBEC0C2C4C6C9CBCDCFD1D4D6D8DBDDAC
:10BBD800DFE2E4E7E9EBEEF0F3F5F8FAFDFF000049
:10BBE8000000000002000000010000000200000048
:10BBF8000200000002000000030000000200000034
:10BC08006330000008BC0010000C0420C00C0420A5
:10BC1800ED9E0010DD360010B13700100000000066
:10BC28001E0F057F3F1F643214783C1E1E140A0540
:10BC380000FF0100010000FFFF0000010001FF00FC
:10BC4800FD377A585A000004E6D6B44602002101AE
:10BC580016000000742FE5A3E0042F01425D003DAB
:10BC68008889C65436C3174FE4DCCBB3DF6320E7BB
:10BC7800D71739D83D5F52C90BECB7E6D51952240E
:10BC8800B0736759B3E0B456C74788C96520CF4A2F
:10BC98003C940C015E29865C8E1FD2901470DD8165
:10BCA80077B2096EB5F6AEE987F3FD6E8628D43310
:10BCB800CFB875786A02A926DEE8E6250BF2F12FDF
:10BCC800EB95EF757127C27F9195E2635AB0D24523
:10BCD800B872C0B554D7004EDE62BA2013945BD157
:10BCE800FF5921584935658A11E5CA1A8401C66485
:10BCF80012A7BCC461E80A8B8F1814972CD485C28C
:10BD0800CA11139D8194454D5141C1135A07F3F54A
:10BD18009C8A2EB089D73F3EF2C32110C396AA62EF
:10BD280056BA70B31061455FB111971836BB1666E5
:10BD38006F7B478FC44223D0767E3FA7ECEA0CBFC7
:10BD48002774C309BD093C35A8EED8AEC7E9FF0F73
:10BD58002F64DF72C5CDF6701A8177ECEF634989DD
:10BD6800711EFAEC985A059B0A0F6BC0B382F93022
:10BD780085B0A8A630E1DE91E0E101A42FEECFFA6C
:10BD8800B4CC09FA55E9DC3EB4782343F5F745FE0F
:10BD9800AA6A7F620EBDEBFB2CF315BF380D49591B
:10BDA800E00000005614AADD3187545C0001DE0271
:10BDB800B0080000C0E5C082B1C467FB0200000003
:10BDC8000004595A00270020D6BD001009FF202082
:10BDD80027EA01404206C80020C0A02000002080B9
:10BDE800EEBD001004FFA09F27F701604206000087
:10BDF8005245454E54206D616C6C6F6320737563BA
:10BE080063656564656400002E2E2F2E2E2F2E2E5E
:10BE18002F2E2E2F2E2E2F2E2E2F2E2E2F2E2E2F34
:10BE28006E65776C69622F6C6962632F7374646CDA
:10BE380069622F72616E642E630000002C206675A3
:10BE48006E6374696F6E3A20000000006173736559
:10BE58007274696F6E2022257322206661696C6591
:10BE6800643A2066696C6520222573222C206C694F
:10BE78006E65202564257325730A0000232D302B59
:10BE880020000000686C4C00656667454647000066
:10BE980030313233343536373839414243444546F8
:10BEA80000000000303132333435363738396162BA
:08BEB8006364656600000000F0
:10BEC00010B5014B984710BD3124002010B5014B2F
:10BED000984710BDC10E0020024B1868C0239B027A
:10BEE000184070471C80014037B501246B46DD1DAA
:10BEF00022002900052000F0FBF82B78234203D014
:10BF0000FFF7EAFF0028F1D037BD002210B511007D
:10BF1000062000F0EDF810BD054B02301B68000252
:10BF20005840C0239B001840024B18607047C04621
:10BF30000C8001400C900140F7B5C02705000E00B1
:10BF40001400009301927F053A6A7B6A002C09D1A4
:10BF5000002B20D0009A3B6E002A14D01300013B26
:10BF600000930AE0D2180D2AF2D82A1E01D02A78AE
:10BF700001353A66013C002BECD1009B019A23432A
:10BF80001343E1D10BE0002E01D033700136019B49
:10BF9000013B0193F1E7FFF79FFF0028EDD001205F
:10BFA000FFF7BAFFF7BD0000F0B51427182485B0DD
:10BFB000238800900E0038881C4915009847238874
:10BFC0001B4901903888984723880290194938887E
:10BFD000984703902C00402D00D940240023164F91
:10BFE0006100F25AD243FA5202339942F9D17618DB
:10BFF0002D1B019B9847029B98476400FFF785FF24
:10C00000009800F063F80423220000213800FFF7B5
:10C0100093FFFFF769FF009B1B190093039B984751
:10C02000FFF74EFF002DD5D105B0F0BD4946000009
:10C030004558000046430000F0120020084A10B5A1
:10C040001378002B0AD18023064807495B051C683A
:10C05000C45004338B42FAD10123137010BDC04683
:10C06000C00F0020C00E001000010010F7B514250D
:10C0700018242888238811499847238807001049E5
:10C0800028889847238806000E49288898472388DF
:10C090000D490190288898470400FFF7CFFFB84763
:10C0A000B0478022FF201100D823520289014003AB
:10C0B000019DA847A047FFF709FFF7BD49460000CB
:10C0C00045580000524500004643000010B50400EA
:10C0D0000020FFF721FF8020C0220423800420439A
:10C0E0005205010E013B11660002002BF9D110BD73
:10C0F00070B50600002015000C00FFF70DFFC023EF
:10C100005B051E662A00012321000020FFF714FFB3
:10C1100070BD00000E4AEFF3108372B69066D166D0
:10C12000002907D0FFE7FFE7FFE7516F106F83F3A8
:10C130001088704783F3108804B580210906C21760
:10C140005140002800D0C84300F032FA002104BD5D
:10C15000000000D00D4AEFF3108372B610665166EE
:10C16000002907D0FFE7FFE7FFE7516F106F83F368
:10C170001088704783F3108804B5002801D0002090
:10C18000C04300F015FA002104BD0000000000D0FB
:10C1900010B5EFF3108472B600F00EF884F3108837
:10C1A00010BDC04610B5EFF3108472B600F048F829
:10C1B00084F3108810BDC046002B24DB11D0002969
:10C1C0003EDA00B5C943404200D1013100F038F8F1
:10C1D000C943404200D10131DB43524200D1013317
:10C1E00000BD002AEBD1002801D1002905D0002094
:10C1F000C90FC90701D1C043410800B500F0E0F9FB
:10C200000022002300BD00B500290ADBDB435242B7
:10C2100000D1013300F014F8C943404200D101318C
:10C2200000BDC943404200D10131DB43524200D13D
:10C23000013300F005F8DB43524200D1013300BD69
:10C24000002923D1002B18D1002A0CD0BC460D4F59
:10C2500038667A6600210023FFE7FFE7FFE77A6F81
:10C26000386F67467047002801D00748010000B5C5
:10C2700000F0A6F90022002300BD02000B00002000
:10C2800000217047000000D0FFFFFFFF002B00D00F
:10C29000BFE0130C28D1002AE7D080B4114F3966D3
:10C2A0007A66FFE7FFE730B4040C7B6F396F1B043D
:10C2B00023433B667A66FFE7FFE7FFE7C04684B2A9
:10C2C0007B6F3D6F1B0423433B667A66FFE7FFE706
:10C2D000C04600232C042D0C7A6F386F0019694179
:10C2E000B0BC7047000000D0F0B594460025140E95
:10C2F00001D112020835140F01D112010435940F37
:10C3000001D192000235D40F01D152000135D40B76
:10C310000134254F7C66254C3C660E0C93B2FFE73A
:10C32000FFE7FFE73C6F6643360C7703BE46734377
:10C33000DF0B5B04C01AB941130C7343DB18C91A35
:10C34000CE086643360CB64493B273431F0F1B01ED
:10C35000C01AB941130C73431F0B1B05C01AB94116
:10C36000860D8F023E436643360C092D24DB520AAC
:10C370007243801A7703460A6643360C16235B1B0A
:10C38000DE40DF40BF1964466643821B70460435B9
:10C3900006330100D940A840C01900D30131A242A0
:10C3A00006D20023F0BD0000000000D0FFFFFFFF19
:10C3B000121B0130F3D3F1E709277F1BFE406446CF
:10C3C000A2B27243801A00D20139220C7243130CBC
:10C3D0001204821A99410B0070460435133701008C
:10C3E000F940A840801900D30131002B02D1A242AC
:10C3F0000AD2F0BD013000D30131121BFAD2013B49
:10C40000F8D1A24200D2F0BD013000D30131121B9D
:10C41000F7E7F0B51C0C00D080E00CB400251C0A36
:10C4200004D11B02160E3343120208351C0B04D133
:10C430001B01160F3343120104359C0B04D19B00E2
:10C44000960F334392000235DC0B02D192185B4108
:10C4500001351C00971864410134464F7C66464CF8
:10C460003C660E0CFFE7FFE7FFE7C0463C6F664304
:10C47000360C7703BE4697B27743C01B00D2013912
:10C48000C01B00D201399FB27743C91BC91B170CCF
:10C4900077437E04FF0B801BB941CE086643360C00
:10C4A0000C2D33DBB644120B1F053A431B0B97B21E
:10C4B0007743C01B00D201399FB27743C91B170CC9
:10C4C00077433E043F0C801BB941860D8F023E43EB
:10C4D000664329277F1BFE400C3D7746AF40BF19BE
:10C4E00030BCA2B2ABB272437343801A9941220CA2
:10C4F0007243130C1204801A994102000B00013799
:10C50000001BA941F9D2781E0021F0BD0C277F1B2A
:10C51000FE4077467F0BAF40FF19E0E700245D1C2B
:10C5200007D0144F7D663966FFE7FFE7FFE7FFE7B7
:10C530003C6F95B29EB265436643401BB141150CFA
:10C540001E0C6543664336042F0C3E432D04401BEE
:10C55000B141994204D202000B0020000021F0BD3D
:10C5600001D19042F7D3801A994101349942F2D314
:10C57000F6E70000000000D0FFFFFFFF51434343F8
:10C58000C9188C46110C83B24B4310B4040C6143A0
:10C5900092B280B2504362431C041B0C001910BCC1
:10C5A00059411304120CC0185141614470470000F6
:10C5B00001B40248844601BC604700BF1503001067
:10C5C00001B40248844601BC604700BF1503001057
:10C5D0001407002000000000E0B30010C0B30010FA
:10C5E000A0B30010000000000000000000000000E8
:10C5F000000000000000000000000000000000003B
:10C60000000000000000000000000000000000002A
:10C61000000000000000000000000000000000001A
:10C62000000000000000000000000000000000000A
:10C6300000000000000000000000000000000000FA
:10C6400000000000000000000000000000000000EA
:10C6500000000000000000000000000000000000DA
:10C6600000000000000000000000000000000000CA
:10C67000000000000000000000000000200000009A
:10C6800000000000000000000000000000000000AA
:10C69000000000000000000000000000000000009A
:10C6A000000000000000000000000000000000008A
:10C6B000000000000000000000000000000000007A
:10C6C0000000000000000000080000000000000062
:10C6D0000000000006000000000000000000000054
:10C6E000000000000000000000000000000000004A
:10C6F000000000000000000000000000000000003A
:10C700000000000000000000000000000000000029
:10C71000000000002000000074070020C007002077
:10C720000000000000000000000000000000000009
:10C7300000000000000000000C08002000000000C5
:10C740000000000058080020F53C0010D93C001003
:10C75000DD3E001069390010853900107551001058
:10C760005C080020F53C0010D93C0010DD3E0010B4
:10C7700069390010853900107551001060080020DB
:10C78000353D0010113D0010FD3E001095390010A0
:10C79000B9390010CD510010D8080020D808002069
:10C7A0000000000000000000E8080020E808002069
:10C7B00001000000FFFFFFFF01010201191A1B1C0D
:10C7C0001D1E1F2021220000492F001000360036B8
:10C7D0003600000007000000070000000500000010
:10C7E0000600000016000000140000001700000002
:10C7F0001A0000001D0000000000000004000000FE
:10C800001300000012000000180000001B000000D0
:10C8100001000000020000000800000011000000FC
:10C8200010000000190000001C00000003000000C0
:10C8300009000000FFFFFFFFFFFFFFFFFFFFFFFFFB
:10C84000FFFFFFFF0E0000000F0000000B000000C4
:10C85000FFFFFFFF01000000B5360010C9450010C2
:10C86000D74500106539001067390010E545001004
:10C8700000000000000000000000000000000000B8
:10C8800000000000000000000000000000000000A8
:10C890000000000000000000000000000000000098
:10C8A0000000000000000000030000000000000085
:10C8B0002D520010000000002000000000000000C9
:10C8C0000000000000000000000000000000000068
:10C8D0000000000000000000000000000000000058
:10C8E000000000005C25002004000000040000009F
:10C8F00020000000780D0020000000000000000073
:10C90000BC08002000000000000000000000000043
:10C910000000000000000000000000000000000017
:10C920000000000000000000000000000000000007
:10C9300000000000000000000000000003000000F4
:10C94000000000002D520010000000000800000050
:10C9500000000000000000000000000000000000D7
:10C9600000000000000000000000000000000000C7
:10C9700000000000000000005C2500200100000015
:10C980000400000008000000480D00200000000026
:10C9900000000000A00800200000000000000000CF
:10C9A0000000000000000000000000000000000087
:10C9B0000000000000000000000000000000000077
:10C9C0000000000000000000000000000000000067
:10C9D00003000000000000002D52001000000000C5
:10C9E0002000000000000000000000000000000027
:10C9F0000000000000000000000000000000000037
:10CA00000000000000000000000000005C25002085
:10CA1000020000000400000020000000B80C00200C
:10CA2000000000000000000084080020000000005A
:10CA300000000000000000000000000000000000F6
:10CA400000000000000000000000000000000000E6
:10CA500000000000000000000000000000000000D6
:10CA600000000000030000000000000000000000C3
:10CA7000F55200100000200000000000000000003F
:10CA800000000000000000000000000000000000A6
:10CA90000000000000000000000000005C250020F5
:10CAA000030000000400000020000000080E002029
:10CAB0000000000000000000010000000000000075
:10CAC0000000000004000100000000000400050058
:10CAD000000000000000000000000000010009004C
:10CAE000000000000000000008000A000000000034
:10CAF00000000000000000004D2F00100400140092
:10CB000000000000000000001000180000000000FD
:10CB100000000000010028000000000000000000EC
:10CB20000000010001000000FFFFFFFFFFFFFFFF0B
:04000005100002C520
:00000001FF
